Date,Name,Year,Letterboxd URI
2020-02-08,Inception,2010,https://boxd.it/1skk
2020-02-08,Toy Story 3,2010,https://boxd.it/1WRe
2020-02-08,District 9,2009,https://boxd.it/1Iik
2020-02-08,The Dark Knight,2008,https://boxd.it/2b0k
2020-02-08,Spider-Man 2,2004,https://boxd.it/2a88
2020-02-08,Shaun of the Dead,2004,https://boxd.it/29J8
2020-02-08,Gladiator,2000,https://boxd.it/2b9m
2020-02-08,Titanic,1997,https://boxd.it/2a2k
2020-02-08,The Lord of the Rings: The Fellowship of the Ring,2001,https://boxd.it/2b5O
2020-02-08,Terminator 2: Judgment Day,1991,https://boxd.it/2aGY
2020-02-08,Full Metal Jacket,1987,https://boxd.it/2a1Q
2020-02-08,The Blues Brothers,1980,https://boxd.it/2adi
2020-02-08,12 Angry Men,1957,https://boxd.it/2auI
2020-02-08,Jojo Rabbit,2019,https://boxd.it/iEBG
2020-02-08,1917,2019,https://boxd.it/jj4y
2020-02-08,Ad Astra,2019,https://boxd.it/ePzI
2020-02-08,Parasite,2019,https://boxd.it/hTha
2020-02-08,Spider-Man: Into the Spider-Verse,2018,https://boxd.it/azpY
2020-02-08,First Man,2018,https://boxd.it/cPym
2020-02-08,Blade Runner 2049,2017,https://boxd.it/b8wK
2020-02-08,Star Wars: The Last Jedi,2017,https://boxd.it/5xme
2020-02-08,"Three Billboards Outside Ebbing, Missouri",2017,https://boxd.it/ceBS
2020-02-08,The Disaster Artist,2017,https://boxd.it/cTqc
2020-02-08,La La Land,2016,https://boxd.it/a5fa
2020-02-08,The Revenant,2015,https://boxd.it/8H5e
2020-02-08,Star Wars: The Force Awakens,2015,https://boxd.it/4vru
2020-02-08,The Theory of Everything,2014,https://boxd.it/7YtA
2020-02-08,Nightcrawler,2014,https://boxd.it/780m
2020-02-08,Birdman or (The Unexpected Virtue of Ignorance),2014,https://boxd.it/5RFA
2020-02-08,Boyhood,2014,https://boxd.it/3178
2020-02-08,Prisoners,2013,https://boxd.it/4E5i
2020-02-08,Whiplash,2014,https://boxd.it/7bQA
2020-02-08,The Dark Knight Rises,2012,https://boxd.it/H3m
2020-02-08,The King's Speech,2010,https://boxd.it/dX0
2020-02-08,Harry Potter and the Deathly Hallows: Part 1,2010,https://boxd.it/1RYu
2020-02-08,Drive,2011,https://boxd.it/IG
2020-02-08,Harry Potter and the Deathly Hallows: Part 2,2011,https://boxd.it/1RYk
2020-02-08,Moneyball,2011,https://boxd.it/glS
2020-02-08,Lawrence of Arabia,1962,https://boxd.it/2wRE
2020-02-08,War Dogs,2016,https://boxd.it/9SlO
2020-02-08,Captain America: Civil War,2016,https://boxd.it/89Ja
2020-02-08,Incendies,2010,https://boxd.it/Msm
2020-02-08,The Lord of the Rings: The Two Towers,2002,https://boxd.it/2b5E
2020-02-08,The Lord of the Rings: The Return of the King,2003,https://boxd.it/2b5u
2020-02-08,Toy Story,1995,https://boxd.it/29qA
2020-02-18,What We Do in the Shadows,2014,https://boxd.it/7eQy
2020-02-22,The Grand Budapest Hotel,2014,https://boxd.it/3ZqO
2020-02-22,Moonrise Kingdom,2012,https://boxd.it/2Wng
2020-04-08,"I, Tonya",2017,https://boxd.it/dzR0
2020-04-15,The Breakfast Club,1985,https://boxd.it/27q4
2020-04-17,Little Women,2019,https://boxd.it/aSVk
2020-04-27,Beauty and the Beast,1991,https://boxd.it/1XhG
2020-04-27,The Little Mermaid,1989,https://boxd.it/1WYO
2020-04-29,The Big Short,2015,https://boxd.it/ajZw
2020-05-08,Ocean's Eleven,2001,https://boxd.it/2aZm
2020-05-16,The Place Beyond the Pines,2012,https://boxd.it/3mDu
2020-05-16,The Lego Movie,2014,https://boxd.it/4pDO
2020-05-19,Star Wars,1977,https://boxd.it/72s
2020-05-19,The Empire Strikes Back,1980,https://boxd.it/27Vw
2020-06-06,Brooklyn,2015,https://boxd.it/5bdk
2020-06-07,Ferris Bueller's Day Off,1986,https://boxd.it/1YPY
2020-06-14,My Neighbor Totoro,1988,https://boxd.it/20eA
2020-06-14,Annihilation,2018,https://boxd.it/9yzm
2020-06-14,"I, Daniel Blake",2016,https://boxd.it/d0xa
2020-06-14,A Hidden Life,2019,https://boxd.it/eb1Q
2020-06-16,Nausicaä of the Valley of the Wind,1984,https://boxd.it/2bc6
2020-06-25,The Incredibles,2004,https://boxd.it/1XLm
2020-06-26,Incredibles 2,2018,https://boxd.it/7IPg
2020-06-28,Toy Story 4,2019,https://boxd.it/9ALu
2020-06-29,Captain America: The Winter Soldier,2014,https://boxd.it/3r58
2020-06-30,Ratatouille,2007,https://boxd.it/27ww
2020-07-07,Coco,2017,https://boxd.it/bYJQ
2020-07-14,Inside Out,2015,https://boxd.it/4KHC
2020-07-22,Chicken Run,2000,https://boxd.it/20Xg
2020-07-23,WALL·E,2008,https://boxd.it/1VEo
2020-07-25,Batman Begins,2005,https://boxd.it/2aIg
2020-08-03,Teenage Mutant Ninja Turtles,1990,https://boxd.it/28FY
2024-05-26,Minari,2020,https://boxd.it/mL9M
2024-05-26,Challengers,2024,https://boxd.it/zld0
2024-05-26,The Fall Guy,2024,https://boxd.it/s0Bm
2024-05-26,The Big Lebowski,1998,https://boxd.it/2b6C
2024-05-26,Roadrunner: A Film About Anthony Bourdain,2021,https://boxd.it/nRb2
2024-05-26,(500) Days of Summer,2009,https://boxd.it/1EmM
2024-05-26,Dune: Part Two,2024,https://boxd.it/pUfA
2024-05-26,Midnight in Paris,2011,https://boxd.it/i4a
2024-05-26,Spider-Man: Across the Spider-Verse,2023,https://boxd.it/kSz4
2024-05-26,The Holdovers,2023,https://boxd.it/vHza
2024-05-26,Past Lives,2023,https://boxd.it/oNB8
2024-05-26,The Batman,2022,https://boxd.it/eDGs
2024-05-26,Joker,2019,https://boxd.it/h4cS
2024-05-26,Dune,2021,https://boxd.it/fA7G
2024-05-26,The Suicide Squad,2021,https://boxd.it/fw6O
2024-05-26,Reservoir Dogs,1992,https://boxd.it/2agc
2024-05-26,Django Unchained,2012,https://boxd.it/2cCk
2024-05-26,Inglourious Basterds,2009,https://boxd.it/1JzG
2024-05-26,Once Upon a Time... in Hollywood,2019,https://boxd.it/gH0O
2024-05-26,The Dawn Wall,2017,https://boxd.it/hCP0
2024-05-26,Spider-Man: No Way Home,2021,https://boxd.it/nwRw
2024-05-26,WHAM!,2023,https://boxd.it/GSAU
2024-05-26,Little Miss Sunshine,2006,https://boxd.it/29EW
2024-05-26,Dead Poets Society,1989,https://boxd.it/2aSg
2024-05-26,Gone Girl,2014,https://boxd.it/6hQu
2024-05-26,Taxi Driver,1976,https://boxd.it/2b8y
2024-05-26,The Secret Life of Walter Mitty,2013,https://boxd.it/3SWy
2024-05-26,Tenet,2020,https://boxd.it/leq4
2024-05-26,Sing Street,2016,https://boxd.it/cOo6
2024-05-26,Skyfall,2012,https://boxd.it/17Fc
2024-05-26,Her,2013,https://boxd.it/4O24
2024-05-30,The Godfather,1972,https://boxd.it/2aNK
2024-05-30,Harry Potter and the Goblet of Fire,2005,https://boxd.it/29Qo
2024-05-30,Top Gun: Maverick,2022,https://boxd.it/cjr4
2024-05-30,The Fabelmans,2022,https://boxd.it/ugoM
2024-05-30,Oppenheimer,2023,https://boxd.it/wUow
2024-05-30,Belfast,2021,https://boxd.it/tefG
2024-05-30,"Crazy, Stupid, Love.",2011,https://boxd.it/D9A
2024-05-30,The Hangover,2009,https://boxd.it/1GjK
2024-05-30,Before Midnight,2013,https://boxd.it/4ive
2024-05-30,Before Sunset,2004,https://boxd.it/2bcg
2024-05-30,Before Sunrise,1995,https://boxd.it/2bcU
2024-05-30,The Edge of Seventeen,2016,https://boxd.it/d5nu
2024-05-30,Another Round,2020,https://boxd.it/lkba
2024-05-30,Troll Hunter,2010,https://boxd.it/NQY
2024-05-30,The Intouchables,2011,https://boxd.it/2FT0
2024-05-30,Good Will Hunting,1997,https://boxd.it/2ahY
2024-05-30,All the President's Men,1976,https://boxd.it/29lU
2024-05-30,Chinatown,1974,https://boxd.it/29vU
2024-05-30,Don't Look Up,2021,https://boxd.it/o0Hc
2024-05-30,"McFarland, USA",2015,https://boxd.it/6JCq
2024-05-30,It's a Wonderful Life,1946,https://boxd.it/28xA
2024-05-30,Memento,2000,https://boxd.it/2bcK
2024-05-30,The Nice Guys,2016,https://boxd.it/94Hg
2024-05-30,American Manhunt: The Boston Marathon Bombing,2023,https://boxd.it/G6iI
2024-05-30,Bullet Train,2022,https://boxd.it/qW26
2024-05-31,Chef,2014,https://boxd.it/6lCG
2024-06-07,Trainspotting,1996,https://boxd.it/29XY
2024-08-04,Spider-Man,2002,https://boxd.it/2a8i
2024-09-04,The Social Network,2010,https://boxd.it/17ue
2024-11-04,In the Mood for Love,2000,https://boxd.it/29tE
2025-01-19,The Brutalist,2024,https://boxd.it/k4BO
2025-01-30,A Real Pain,2024,https://boxd.it/CjNG
