Const,Your Rating,Date Rated,Title,URL,Title Type,IMDb Rating,Runtime (mins),Year,Genres,Num Votes,Release Date,Directors
tt0100758,7,2020-08-17,Teenage Mutant Ninja Turtles,https://www.imdb.com/title/tt0100758/,movie,6.8,93,1990,"Action, Adventure, Comedy, Family, Sci-Fi",104429,1990-03-30,Steve Barron
tt1010048,7,2024-02-02,Slumdog Millionaire,https://www.imdb.com/title/tt1010048/,movie,8.0,120,2008,"Crime, Drama, Romance",875617,2008-08-30,"Loveleen Tandan, Danny Boyle"
tt0101414,8,2020-08-17,Beauty and the Beast,https://www.imdb.com/title/tt0101414/,movie,8.0,84,1991,"Animation, Family, Fantasy, Musical, Romance",478251,1991-09-29,"Gary Trousdale, Kirk Wise"
tt1016150,9,2022-11-25,Im Westen nichts Neues,https://www.imdb.com/title/tt1016150/,movie,7.8,148,2022,"Action, Drama, War",242867,2022-09-12,Edward Berger
tt1022603,10,2024-03-22,(500) Days of Summer,https://www.imdb.com/title/tt1022603/,movie,7.7,95,2009,"Comedy, Drama, Romance",555023,2009-01-17,Marc Webb
tt1024648,7,2022-02-16,Argo,https://www.imdb.com/title/tt1024648/,movie,7.7,120,2012,"Biography, Drama, Thriller",637688,2012-08-31,Ben Affleck
tt0102587,7,2020-08-17,Omohide poro poro,https://www.imdb.com/title/tt0102587/,movie,7.6,119,1991,"Animation, Drama, Romance",36966,1991-07-20,Isao Takahata
tt10288566,8,2023-02-03,Druk,https://www.imdb.com/title/tt10288566/,movie,7.7,117,2020,Drama,193265,2020-09-12,Thomas Vinterberg
tt0102926,9,2024-02-16,The Silence of the Lambs,https://www.imdb.com/title/tt0102926/,movie,8.6,118,1991,"Crime, Drama, Thriller",1540954,1991-01-30,Jonathan Demme
tt0103064,8,2020-08-17,Terminator 2: Judgment Day,https://www.imdb.com/title/tt0103064/,movie,8.6,137,1991,"Action, Adventure, Sci-Fi",1169103,1991-07-01,James Cameron
tt0103639,7,2020-08-17,Aladdin,https://www.imdb.com/title/tt0103639/,movie,8.0,90,1992,"Animation, Adventure, Comedy, Family, Fantasy, Musical, Romance",463826,1992-11-08,"Ron Clements, John Musker"
tt10366206,6,2023-04-01,John Wick: Chapter 4,https://www.imdb.com/title/tt10366206/,movie,7.7,169,2023,"Action, Crime, Thriller",329080,2023-03-13,Chad Stahelski
tt0103776,4,2020-08-17,Batman Returns,https://www.imdb.com/title/tt0103776/,movie,7.1,126,1992,"Action, Crime, Fantasy",326236,1992-06-16,Tim Burton
tt0104431,6,2020-08-17,Home Alone 2: Lost in New York,https://www.imdb.com/title/tt0104431/,movie,6.9,120,1992,"Adventure, Comedy, Crime, Family",401128,1992-11-15,Chris Columbus
tt0104652,7,2022-03-28,Kurenai no buta,https://www.imdb.com/title/tt0104652/,movie,7.7,94,1992,"Animation, Adventure, Comedy, Fantasy",101348,1992-07-18,Hayao Miyazaki
tt1049413,8,2020-08-17,Up,https://www.imdb.com/title/tt1049413/,movie,8.3,96,2009,"Animation, Adventure, Comedy, Drama, Family",1119570,2009-05-13,"Pete Docter, Bob Peterson"
tt1051906,7,2022-03-28,The Invisible Man,https://www.imdb.com/title/tt1051906/,movie,7.1,124,2020,"Drama, Horror, Mystery, Sci-Fi, Thriller",253657,2020-02-24,Leigh Whannell
tt0105236,9,2021-03-18,Reservoir Dogs,https://www.imdb.com/title/tt0105236/,movie,8.3,99,1992,"Crime, Thriller",1083711,1992-01-21,Quentin Tarantino
tt10618286,5,2023-02-12,Mank,https://www.imdb.com/title/tt10618286/,movie,6.8,131,2020,"Biography, Comedy, Drama",82423,2020-11-13,David Fincher
tt10633456,9,2024-02-02,Minari,https://www.imdb.com/title/tt10633456/,movie,7.4,115,2020,Drama,96132,2020-01-26,Lee Isaac Chung
tt0106364,5,2024-02-23,Batman: Mask of the Phantasm,https://www.imdb.com/title/tt0106364/,movie,7.8,76,1993,"Animation, Action, Adventure, Crime, Family, Mystery, Sci-Fi",56583,1993-12-25,"Boyd Kirkland, Eric Radomski, Kevin Altieri, Frank Paur, Bruce Timm, Dan Riba"
tt10640346,6,2023-01-21,Babylon,https://www.imdb.com/title/tt10640346/,movie,7.1,189,2022,"Comedy, Drama, History",165275,2022-12-15,Damien Chazelle
tt10648342,5,2024-02-15,Thor: Love and Thunder,https://www.imdb.com/title/tt10648342/,movie,6.2,118,2022,"Action, Adventure, Comedy, Fantasy, Romance, Sci-Fi",397749,2022-06-23,Taika Waititi
tt1065073,9,2020-08-17,Boyhood,https://www.imdb.com/title/tt1065073/,movie,7.9,165,2014,Drama,366466,2014-01-19,Richard Linklater
tt0106977,6,2020-08-17,The Fugitive,https://www.imdb.com/title/tt0106977/,movie,7.8,130,1993,"Action, Crime, Drama, Mystery, Thriller",317107,1993-07-29,Andrew Davis
tt0107290,7,2020-08-17,Jurassic Park,https://www.imdb.com/title/tt0107290/,movie,8.2,127,1993,"Action, Adventure, Sci-Fi, Thriller",1061871,1993-06-09,Steven Spielberg
tt1074638,8,2021-09-08,Skyfall,https://www.imdb.com/title/tt1074638/,movie,7.8,143,2012,"Action, Adventure, Thriller",729238,2012-10-23,Sam Mendes
tt0108052,9,2020-10-06,Schindler's List,https://www.imdb.com/title/tt0108052/,movie,9.0,195,1993,"Biography, Drama, History",1443683,1993-11-30,Steven Spielberg
tt0108394,6,2024-02-23,Trois couleurs: Bleu,https://www.imdb.com/title/tt0108394/,movie,7.8,94,1993,"Drama, Music, Mystery, Romance",110051,1993-09-03,Krzysztof Kieslowski
tt10872600,9,2024-02-23,Spider-Man: No Way Home,https://www.imdb.com/title/tt10872600/,movie,8.2,148,2021,"Action, Adventure, Fantasy, Sci-Fi",871682,2021-12-13,Jon Watts
tt0109830,8,2020-08-17,Forrest Gump,https://www.imdb.com/title/tt0109830/,movie,8.8,142,1994,"Drama, Romance",2244781,1994-06-23,Robert Zemeckis
tt0109831,6,2023-11-19,Four Weddings and a Funeral,https://www.imdb.com/title/tt0109831/,movie,7.1,117,1994,"Comedy, Drama, Romance",165367,1994-01-20,Mike Newell
tt10986222,7,2024-03-18,C'mon C'mon,https://www.imdb.com/title/tt10986222/,movie,7.4,109,2021,Drama,38664,2021-09-02,Mike Mills
tt1100089,6,2024-02-23,Foxcatcher,https://www.imdb.com/title/tt1100089/,movie,7.0,134,2014,"Biography, Drama, History, Sport",148896,2014-05-19,Bennett Miller
tt0110357,8,2020-08-17,The Lion King,https://www.imdb.com/title/tt0110357/,movie,8.5,88,1994,"Animation, Adventure, Drama, Family, Musical",1136823,1994-06-12,"Rob Minkoff, Roger Allers"
tt0110912,8,2022-03-28,Pulp Fiction,https://www.imdb.com/title/tt0110912/,movie,8.9,154,1994,"Crime, Drama",2208258,1994-05-21,Quentin Tarantino
tt1109624,8,2023-06-30,Paddington,https://www.imdb.com/title/tt1109624/,movie,7.3,95,2014,"Adventure, Comedy, Family, Fantasy",132861,2014-11-23,Paul King
tt0111161,9,2020-08-17,The Shawshank Redemption,https://www.imdb.com/title/tt0111161/,movie,9.3,142,1994,Drama,2874269,1994-09-10,Frank Darabont
tt11127680,8,2023-03-05,Boiling Point,https://www.imdb.com/title/tt11127680/,movie,7.5,92,2021,"Drama, Thriller",41438,2021-07-05,Philip Barantini
tt0111495,7,2022-03-28,Trois couleurs: Rouge,https://www.imdb.com/title/tt0111495/,movie,8.1,99,1994,"Drama, Mystery, Romance",109610,1994-05-16,Krzysztof Kieslowski
tt0111507,5,2024-02-23,Trois couleurs: Blanc,https://www.imdb.com/title/tt0111507/,movie,7.6,92,1994,"Comedy, Drama, Romance",79267,1994-01-26,Krzysztof Kieslowski
tt1119646,7,2023-10-23,The Hangover,https://www.imdb.com/title/tt1119646/,movie,7.7,100,2009,Comedy,841776,2009-05-30,Todd Phillips
tt1120985,7,2023-10-13,Blue Valentine,https://www.imdb.com/title/tt1120985/,movie,7.3,112,2010,"Drama, Romance",210706,2010-01-24,Derek Cianfrance
tt0112471,10,2023-06-12,Before Sunrise,https://www.imdb.com/title/tt0112471/,movie,8.1,101,1995,"Drama, Romance",337638,1995-01-19,Richard Linklater
tt11286314,8,2022-02-11,Don't Look Up,https://www.imdb.com/title/tt11286314/,movie,7.2,138,2021,"Comedy, Drama, Sci-Fi",597583,2021-12-05,Adam McKay
tt1130884,6,2021-03-15,Shutter Island,https://www.imdb.com/title/tt1130884/,movie,8.2,138,2010,"Drama, Mystery, Thriller",1446908,2010-02-13,Martin Scorsese
tt0113277,6,2024-02-23,Heat,https://www.imdb.com/title/tt0113277/,movie,8.3,170,1995,"Action, Crime, Drama",715888,1995-12-06,Michael Mann
tt1136608,8,2020-08-17,District 9,https://www.imdb.com/title/tt1136608/,movie,7.9,112,2009,"Action, Sci-Fi, Thriller",714848,2009-08-13,Neill Blomkamp
tt0113824,8,2020-08-17,Mimi wo sumaseba,https://www.imdb.com/title/tt0113824/,movie,7.8,111,1995,"Animation, Drama, Family, Romance",72067,1995-07-15,Yoshifumi Kondô
tt0114148,7,2020-08-17,Pocahontas,https://www.imdb.com/title/tt0114148/,movie,6.7,81,1995,"Animation, Adventure, Drama, Family, Musical, Romance",202154,1995-06-10,"Eric Goldberg, Mike Gabriel"
tt0114369,9,2024-02-23,Se7en,https://www.imdb.com/title/tt0114369/,movie,8.6,127,1995,"Crime, Drama, Mystery, Thriller",1789071,1995-09-15,David Fincher
tt0114388,7,2024-02-02,Sense and Sensibility,https://www.imdb.com/title/tt0114388/,movie,7.7,136,1995,"Drama, Romance",125100,1995-12-04,Ang Lee
tt11464826,7,2023-01-08,The Social Dilemma,https://www.imdb.com/title/tt11464826/,movie,7.6,94,2020,"Documentary, Drama",89146,2020-01-26,Jeff Orlowski-Yang
tt0114709,9,2020-08-17,Toy Story,https://www.imdb.com/title/tt0114709/,movie,8.3,81,1995,"Animation, Adventure, Comedy, Family, Fantasy",1064177,1995-11-19,John Lasseter
tt11564570,6,2023-05-26,Glass Onion,https://www.imdb.com/title/tt11564570/,movie,7.1,139,2022,"Comedy, Crime, Drama, Mystery, Thriller",437473,2022-09-13,Rian Johnson
tt1160419,9,2024-02-25,Dune: Part One,https://www.imdb.com/title/tt1160419/,movie,8.0,155,2021,"Action, Adventure, Drama, Sci-Fi",824512,2021-09-03,Denis Villeneuve
tt0116209,5,2024-02-25,The English Patient,https://www.imdb.com/title/tt0116209/,movie,7.4,162,1996,"Drama, Romance, War",199457,1996-10-31,Anthony Minghella
tt0116282,7,2024-02-02,Fargo,https://www.imdb.com/title/tt0116282/,movie,8.1,98,1996,"Crime, Thriller",723562,1996-03-08,"Ethan Coen, Joel Coen"
tt1170358,7,2020-08-17,The Hobbit: The Desolation of Smaug,https://www.imdb.com/title/tt1170358/,movie,7.8,161,2013,"Adventure, Drama, Fantasy",702478,2013-12-02,Peter Jackson
tt0117951,8,2022-02-03,Trainspotting,https://www.imdb.com/title/tt0117951/,movie,8.1,93,1996,Drama,723250,1996-02-23,Danny Boyle
tt11813216,9,2022-10-30,The Banshees of Inisherin,https://www.imdb.com/title/tt11813216/,movie,7.7,114,2022,"Comedy, Drama",250225,2022-09-05,Martin McDonagh
tt0119217,9,2022-04-04,Good Will Hunting,https://www.imdb.com/title/tt0119217/,movie,8.3,126,1997,"Drama, Romance",1061052,1997-12-02,Gus Van Sant
tt0119698,7,2024-02-02,Mononoke-hime,https://www.imdb.com/title/tt0119698/,movie,8.3,134,1997,"Animation, Action, Adventure, Fantasy",431156,1997-07-12,Hayao Miyazaki
tt1201607,9,2021-01-05,Harry Potter and the Deathly Hallows - Part 2,https://www.imdb.com/title/tt1201607/,movie,8.1,130,2011,"Adventure, Family, Fantasy, Mystery",943842,2011-07-07,David Yates
tt0120265,5,2024-02-22,Ta'm e guilass,https://www.imdb.com/title/tt0120265/,movie,7.7,95,1997,Drama,36418,1997-05-16,Abbas Kiarostami
tt0120338,8,2020-08-17,Titanic,https://www.imdb.com/title/tt0120338/,movie,7.9,194,1997,"Drama, Romance",1274747,1997-11-01,James Cameron
tt0120363,8,2020-08-17,Toy Story 2,https://www.imdb.com/title/tt0120363/,movie,7.9,92,1999,"Animation, Adventure, Comedy, Family, Fantasy",617437,1999-11-13,"John Lasseter, Lee Unkrich, Ash Brannon"
tt0120623,6,2022-03-28,A Bug's Life,https://www.imdb.com/title/tt0120623/,movie,7.2,95,1998,"Animation, Adventure, Comedy, Family",313316,1998-11-14,"Andrew Stanton, John Lasseter"
tt0120630,8,2020-08-17,Chicken Run,https://www.imdb.com/title/tt0120630/,movie,7.1,84,2000,"Animation, Adventure, Comedy, Drama, Family",211627,2000-06-17,"Peter Lord, Nick Park"
tt0120689,7,2024-02-02,The Green Mile,https://www.imdb.com/title/tt0120689/,movie,8.6,189,1999,"Crime, Drama, Fantasy, Mystery",1400159,1999-12-06,Frank Darabont
tt0120737,9,2020-08-17,The Lord of the Rings: The Fellowship of the Ring,https://www.imdb.com/title/tt0120737/,movie,8.9,178,2001,"Action, Adventure, Drama, Fantasy",1997589,2001-12-10,Peter Jackson
tt0120762,7,2020-08-17,Mulan,https://www.imdb.com/title/tt0120762/,movie,7.7,87,1998,"Animation, Adventure, Comedy, Family, Fantasy, Musical, War",314801,1998-06-05,"Tony Bancroft, Barry Cook"
tt0120812,6,2024-02-06,Rush Hour,https://www.imdb.com/title/tt0120812/,movie,7.0,98,1998,"Action, Comedy, Crime, Thriller",293221,1998-09-18,Brett Ratner
tt0120815,9,2020-10-02,Saving Private Ryan,https://www.imdb.com/title/tt0120815/,movie,8.6,169,1998,"Drama, War",1490087,1998-07-21,Steven Spielberg
tt0120855,6,2021-04-16,Tarzan,https://www.imdb.com/title/tt0120855/,movie,7.3,88,1999,"Animation, Adventure, Comedy, Drama, Family, Music",246021,1999-06-12,"Kevin Lima, Chris Buck"
tt0120863,8,2023-05-22,The Thin Red Line,https://www.imdb.com/title/tt0120863/,movie,7.6,170,1998,"Drama, History, War",198917,1998-12-22,Terrence Malick
tt0120915,4,2020-08-17,Star Wars: Episode I - The Phantom Menace,https://www.imdb.com/title/tt0120915/,movie,6.5,136,1999,"Action, Adventure, Fantasy, Sci-Fi",853002,1999-05-16,George Lucas
tt1210166,9,2020-08-17,Moneyball,https://www.imdb.com/title/tt1210166/,movie,7.6,133,2011,"Biography, Drama, Sport",462459,2011-09-09,Bennett Miller
tt1211837,6,2020-08-17,Doctor Strange,https://www.imdb.com/title/tt1211837/,movie,7.5,115,2016,"Action, Adventure, Fantasy, Sci-Fi",801180,2016-10-13,Scott Derrickson
tt1213641,8,2020-08-17,First Man,https://www.imdb.com/title/tt1213641/,movie,7.3,141,2018,"Biography, Drama, History",201510,2018-08-29,Damien Chazelle
tt1213663,7,2020-08-17,The World's End,https://www.imdb.com/title/tt1213663/,movie,6.9,109,2013,"Action, Comedy, Sci-Fi",297461,2013-07-10,Edgar Wright
tt1217209,6,2020-08-17,Brave,https://www.imdb.com/title/tt1217209/,movie,7.1,93,2012,"Animation, Adventure, Comedy, Drama, Family, Fantasy, Mystery",440378,2012-06-10,"Mark Andrews, Steve Purcell, Brenda Chapman"
tt0121765,4,2024-02-23,Star Wars: Episode II - Attack of the Clones,https://www.imdb.com/title/tt0121765/,movie,6.6,142,2002,"Action, Adventure, Fantasy, Sci-Fi",755896,2002-05-12,George Lucas
tt0121766,7,2020-08-17,Star Wars: Episode III - Revenge of the Sith,https://www.imdb.com/title/tt0121766/,movie,7.6,140,2005,"Action, Adventure, Fantasy, Sci-Fi",841841,2005-05-12,George Lucas
tt1228705,5,2020-08-17,Iron Man 2,https://www.imdb.com/title/tt1228705/,movie,6.9,124,2010,"Action, Sci-Fi",865273,2010-04-26,Jon Favreau
tt1232829,7,2022-03-30,21 Jump Street,https://www.imdb.com/title/tt1232829/,movie,7.2,109,2012,"Action, Comedy, Crime",596155,2012-03-12,"Christopher Miller, Phil Lord"
tt0125439,6,2023-11-05,Notting Hill,https://www.imdb.com/title/tt0125439/,movie,7.2,124,1999,"Comedy, Drama, Romance",340667,1999-04-27,Roger Michell
tt1255953,8,2022-03-26,Incendies,https://www.imdb.com/title/tt1255953/,movie,8.3,131,2010,"Drama, Mystery, War",198061,2010-09-03,Denis Villeneuve
tt12593682,8,2023-09-06,Bullet Train,https://www.imdb.com/title/tt12593682/,movie,7.3,127,2022,"Action, Comedy, Thriller",419775,2022-07-18,David Leitch
tt0126029,7,2023-09-04,Shrek,https://www.imdb.com/title/tt0126029/,movie,7.9,90,2001,"Animation, Adventure, Comedy, Family, Fantasy, Romance",730588,2001-04-22,"Vicky Jenson, Andrew Adamson"
tt1270797,4,2020-08-17,Venom,https://www.imdb.com/title/tt1270797/,movie,6.6,112,2018,"Action, Adventure, Sci-Fi",535174,2018-10-01,Ruben Fleischer
tt1276104,8,2024-02-02,Looper,https://www.imdb.com/title/tt1276104/,movie,7.4,119,2012,"Action, Drama, Sci-Fi, Thriller",601391,2012-09-06,Rian Johnson
tt12789558,8,2023-12-14,Belfast,https://www.imdb.com/title/tt12789558/,movie,7.2,98,2021,"Biography, Drama, Romance",91416,2021-09-02,Kenneth Branagh
tt12801262,7,2024-02-02,Luca,https://www.imdb.com/title/tt12801262/,movie,7.4,95,2021,"Animation, Adventure, Comedy, Drama, Family, Fantasy",192174,2021-06-17,Enrico Casarosa
tt0128445,6,2022-03-28,Rushmore,https://www.imdb.com/title/tt0128445/,movie,7.6,93,1998,"Comedy, Drama, Romance",197452,1998-09-17,Wes Anderson
tt1285016,9,2020-08-17,The Social Network,https://www.imdb.com/title/tt1285016/,movie,7.8,120,2010,"Biography, Drama",755368,2010-09-24,David Fincher
tt0129167,7,2022-03-26,The Iron Giant,https://www.imdb.com/title/tt0129167/,movie,8.1,86,1999,"Animation, Action, Adventure, Comedy, Drama, Family, Sci-Fi",225823,1999-07-31,Brad Bird
tt1300854,6,2020-08-17,Iron Man Three,https://www.imdb.com/title/tt1300854/,movie,7.1,130,2013,"Action, Adventure, Sci-Fi",896281,2013-04-14,Shane Black
tt1302006,7,2021-04-05,The Irishman,https://www.imdb.com/title/tt1302006/,movie,7.8,209,2019,"Biography, Crime, Drama",428939,2019-09-27,Martin Scorsese
tt1302011,7,2024-02-23,Kung Fu Panda 2,https://www.imdb.com/title/tt1302011/,movie,7.3,90,2011,"Animation, Action, Adventure, Comedy, Drama, Family, Fantasy",317105,2011-05-22,Jennifer Yuh Nelson
tt13238346,10,2024-03-08,Past Lives,https://www.imdb.com/title/tt13238346/,movie,7.9,105,2023,"Drama, Romance",106680,2023-01-21,Celine Song
tt13287846,5,2024-02-02,Napoleon,https://www.imdb.com/title/tt13287846/,movie,6.4,158,2023,"Action, Adventure, Biography, Drama, War",129342,2023-11-14,Ridley Scott
tt0133093,7,2020-08-17,The Matrix,https://www.imdb.com/title/tt0133093/,movie,8.7,136,1999,"Action, Sci-Fi",2042556,1999-03-24,"Lilly Wachowski, Lana Wachowski"
tt1337193,5,2024-02-23,Guy and Madeline on a Park Bench,https://www.imdb.com/title/tt1337193/,movie,6.0,82,2009,"Drama, Musical",1901,2009-04-23,Damien Chazelle
tt0134119,8,2024-03-06,The Talented Mr. Ripley,https://www.imdb.com/title/tt0134119/,movie,7.4,139,1999,"Crime, Drama, Thriller",237006,1999-12-12,Anthony Minghella
tt1345836,9,2020-08-17,The Dark Knight Rises,https://www.imdb.com/title/tt1345836/,movie,8.4,164,2012,"Action, Drama, Thriller",1819249,2012-07-16,Christopher Nolan
tt0137523,7,2024-02-02,Fight Club,https://www.imdb.com/title/tt0137523/,movie,8.8,139,1999,Drama,2310277,1999-09-10,David Fincher
tt1375666,9,2024-03-08,Inception,https://www.imdb.com/title/tt1375666/,movie,8.8,148,2010,"Action, Adventure, Sci-Fi, Thriller",2537581,2010-07-08,Christopher Nolan
tt13833688,7,2023-03-12,The Whale,https://www.imdb.com/title/tt13833688/,movie,7.7,117,2022,Drama,207979,2022-09-04,Darren Aronofsky
tt1392170,6,2020-08-17,The Hunger Games,https://www.imdb.com/title/tt1392170/,movie,7.2,142,2012,"Action, Adventure, Sci-Fi, Thriller",999716,2012-03-12,Gary Ross
tt1392190,8,2023-05-22,Mad Max: Fury Road,https://www.imdb.com/title/tt1392190/,movie,8.1,120,2015,"Action, Adventure, Sci-Fi, Thriller",1080073,2015-05-07,George Miller
tt1392214,8,2024-02-26,Prisoners,https://www.imdb.com/title/tt1392214/,movie,8.2,153,2013,"Crime, Drama, Mystery, Thriller",803765,2013-08-30,Denis Villeneuve
tt1403865,7,2022-03-15,True Grit,https://www.imdb.com/title/tt1403865/,movie,7.6,110,2010,"Drama, Western",356597,2010-12-14,"Ethan Coen, Joel Coen"
tt14208870,8,2023-03-05,The Fabelmans,https://www.imdb.com/title/tt14208870/,movie,7.5,151,2022,Drama,115536,2022-09-10,Steven Spielberg
tt14230388,5,2024-02-23,Asteroid City,https://www.imdb.com/title/tt14230388/,movie,6.5,105,2023,"Comedy, Drama, Romance, Sci-Fi",109866,2023-05-23,Wes Anderson
tt14247964,7,2022-10-01,Kipchoge: The Last Milestone,https://www.imdb.com/title/tt14247964/,movie,7.5,87,2021,"Documentary, Sport",761,2021-07-13,Jake Scott
tt1440292,7,2023-10-03,Submarine,https://www.imdb.com/title/tt1440292/,movie,7.3,97,2010,"Comedy, Drama, Romance",96287,2010-09-12,Richard Ayoade
tt14444726,5,2023-04-26,Tár,https://www.imdb.com/title/tt14444726/,movie,7.4,158,2022,"Drama, Music",92738,2022-09-01,Todd Field
tt14452776,10,2024-03-22,The Bear,https://www.imdb.com/title/tt14452776/,tvSeries,8.6,35,2022,"Comedy, Drama",205955,2022-06-23,
tt14524712,9,2023-10-23,Beckham,https://www.imdb.com/title/tt14524712/,tvMiniSeries,8.1,285,2023,"Documentary, Biography, Sport",34573,2023-10-04,
tt1454468,8,2022-03-26,Gravity,https://www.imdb.com/title/tt1454468/,movie,7.7,91,2013,"Drama, Sci-Fi, Thriller",861105,2013-08-28,Alfonso Cuarón
tt0145487,7,2020-08-17,Spider-Man,https://www.imdb.com/title/tt0145487/,movie,7.4,121,2002,"Action, Adventure, Sci-Fi",875297,2002-04-30,Sam Raimi
tt1475582,9,2020-03-11,Sherlock,https://www.imdb.com/title/tt1475582/,tvSeries,9.1,88,2010,"Crime, Drama, Mystery, Thriller",992556,2010-07-22,
tt1477834,4,2020-08-17,Aquaman,https://www.imdb.com/title/tt1477834/,movie,6.8,143,2018,"Action, Adventure, Fantasy, Sci-Fi",518651,2018-11-26,James Wan
tt14849194,10,2024-03-08,The Holdovers,https://www.imdb.com/title/tt14849194/,movie,8.0,133,2023,"Comedy, Drama",126201,2023-08-31,Alexander Payne
tt1489887,8,2020-08-17,Booksmart,https://www.imdb.com/title/tt1489887/,movie,7.1,102,2019,Comedy,130429,2019-03-10,Olivia Wilde
tt1490017,8,2020-08-17,The Lego Movie,https://www.imdb.com/title/tt1490017/,movie,7.7,100,2014,"Animation, Action, Adventure, Comedy, Family, Fantasy, Sci-Fi",387000,2014-02-01,"Christopher Miller, Phil Lord"
tt1504320,9,2020-08-17,The King's Speech,https://www.imdb.com/title/tt1504320/,movie,8.0,118,2010,"Biography, Drama, History",706394,2010-09-06,Tom Hooper
tt1517268,7,2024-01-07,Barbie,https://www.imdb.com/title/tt1517268/,movie,6.9,114,2023,"Adventure, Comedy, Fantasy",519477,2023-07-09,Greta Gerwig
tt1517451,8,2020-11-30,A Star Is Born,https://www.imdb.com/title/tt1517451/,movie,7.6,136,2018,"Drama, Music, Romance",417342,2018-08-31,Bradley Cooper
tt15239678,10,2024-03-22,Dune: Part Two,https://www.imdb.com/title/tt15239678/,movie,8.8,166,2024,"Action, Adventure, Drama, Sci-Fi",266606,2024-02-06,Denis Villeneuve
tt15398776,9,2023-07-25,Oppenheimer,https://www.imdb.com/title/tt15398776/,movie,8.3,180,2023,"Biography, Drama, History",691794,2023-07-11,Christopher Nolan
tt1542344,8,2020-08-17,127 Hours,https://www.imdb.com/title/tt1542344/,movie,7.5,94,2010,"Biography, Drama",399958,2010-09-04,Danny Boyle
tt0154506,7,2020-08-17,Following,https://www.imdb.com/title/tt0154506/,movie,7.5,69,1998,"Crime, Mystery, Thriller",101236,1998-04-24,Christopher Nolan
tt1560747,5,2024-02-23,The Master,https://www.imdb.com/title/tt1560747/,movie,7.1,138,2012,"Drama, History",185635,2012-09-01,Paul Thomas Anderson
tt1568346,8,2021-01-25,The Girl with the Dragon Tattoo,https://www.imdb.com/title/tt1568346/,movie,7.8,158,2011,"Crime, Drama, Mystery, Thriller",493173,2011-12-12,David Fincher
tt1570728,9,2023-10-28,"Crazy, Stupid, Love.",https://www.imdb.com/title/tt1570728/,movie,7.4,118,2011,"Comedy, Drama, Romance",561657,2011-07-19,"Glenn Ficarra, John Requa"
tt1591095,5,2022-11-02,Insidious,https://www.imdb.com/title/tt1591095/,movie,6.8,103,2010,"Horror, Mystery, Thriller",337735,2010-09-14,James Wan
tt1596363,8,2020-08-17,The Big Short,https://www.imdb.com/title/tt1596363/,movie,7.8,130,2015,"Biography, Comedy, Drama, History",481473,2015-11-12,Adam McKay
tt1605783,8,2024-03-16,Midnight in Paris,https://www.imdb.com/title/tt1605783/,movie,7.6,94,2011,"Comedy, Fantasy, Romance",448658,2011-05-11,Woody Allen
tt16116174,7,2023-01-16,Harry Potter 20th Anniversary: Return to Hogwarts,https://www.imdb.com/title/tt16116174/,tvSpecial,8.0,102,2022,"Documentary, Family",46919,2022-01-01,"Casey Patterson, Eran Creevy, Joe Pearlman, Giorgio Testi"
tt1619029,5,2024-02-23,Jackie,https://www.imdb.com/title/tt1619029/,movie,6.7,100,2016,"Biography, Drama",83282,2016-09-07,Pablo Larraín
tt1630029,8,2023-02-06,Avatar: The Way of Water,https://www.imdb.com/title/tt1630029/,movie,7.6,192,2022,"Action, Adventure, Fantasy, Sci-Fi",489391,2022-12-06,James Cameron
tt1638355,7,2022-07-01,The Man from U.N.C.L.E.,https://www.imdb.com/title/tt1638355/,movie,7.2,116,2015,"Action, Adventure, Comedy",331132,2015-08-02,Guy Ritchie
tt1659337,7,2020-08-17,The Perks of Being a Wallflower,https://www.imdb.com/title/tt1659337/,movie,7.9,103,2012,Drama,545948,2012-09-08,Stephen Chbosky
tt1663202,8,2020-08-17,The Revenant,https://www.imdb.com/title/tt1663202/,movie,8.0,156,2015,"Action, Adventure, Drama, Western",870398,2015-12-16,Alejandro G. Iñárritu
tt1663662,4,2020-08-17,Pacific Rim,https://www.imdb.com/title/tt1663662/,movie,6.9,131,2013,"Action, Adventure, Sci-Fi",528928,2013-07-01,Guillermo del Toro
tt0167260,9,2020-08-17,The Lord of the Rings: The Return of the King,https://www.imdb.com/title/tt0167260/,movie,9.0,201,2003,"Action, Adventure, Drama, Fantasy",1969586,2003-12-01,Peter Jackson
tt0167261,9,2020-08-17,The Lord of the Rings: The Two Towers,https://www.imdb.com/title/tt0167261/,movie,8.8,179,2002,"Action, Adventure, Drama, Fantasy",1775633,2002-12-05,Peter Jackson
tt1675434,9,2022-08-01,Intouchables,https://www.imdb.com/title/tt1675434/,movie,8.5,112,2011,"Comedy, Drama",924539,2011-09-23,"Olivier Nakache, Éric Toledano"
tt1706620,7,2020-08-17,Snowpiercer,https://www.imdb.com/title/tt1706620/,movie,7.1,126,2013,"Action, Drama, Sci-Fi, Thriller",387595,2013-07-29,Bong Joon Ho
tt1707386,6,2020-08-17,Les Misérables,https://www.imdb.com/title/tt1707386/,movie,7.5,158,2012,"Drama, Musical, Romance",345196,2012-12-05,Tom Hooper
tt1714206,7,2023-06-17,The Spectacular Now,https://www.imdb.com/title/tt1714206/,movie,7.0,95,2013,"Drama, Romance",160997,2013-01-18,James Ponsoldt
tt1723811,8,2020-12-06,Shame,https://www.imdb.com/title/tt1723811/,movie,7.2,101,2011,Drama,205738,2011-09-04,Steve McQueen
tt0172495,9,2024-02-23,Gladiator,https://www.imdb.com/title/tt0172495/,movie,8.5,155,2000,"Action, Adventure, Drama",1611575,2000-05-01,Ridley Scott
tt1740707,7,2022-12-25,Trolljegeren,https://www.imdb.com/title/tt1740707/,movie,6.9,103,2010,"Drama, Fantasy, Horror, Sci-Fi, Thriller",79232,2010-10-29,André Øvredal
tt1745960,9,2022-06-18,Top Gun: Maverick,https://www.imdb.com/title/tt1745960/,movie,8.2,130,2022,"Action, Drama",685998,2022-05-18,Joseph Kosinski
tt1748122,8,2020-08-17,Moonrise Kingdom,https://www.imdb.com/title/tt1748122/,movie,7.8,94,2012,"Adventure, Comedy, Drama, Family, Fantasy, Romance",366062,2012-05-16,Wes Anderson
tt17663992,4,2023-03-18,Scream VI,https://www.imdb.com/title/tt17663992/,movie,6.5,122,2023,"Horror, Mystery, Thriller",117904,2023-03-06,"Matt Bettinelli-Olpin, Tyler Gillett"
tt1790885,8,2020-08-17,Zero Dark Thirty,https://www.imdb.com/title/tt1790885/,movie,7.4,157,2012,"Drama, History, Thriller",318019,2012-12-10,Kathryn Bigelow
tt1798188,5,2024-02-23,Kokuriko-zaka kara,https://www.imdb.com/title/tt1798188/,movie,7.4,91,2011,"Animation, Comedy, Drama, Family, Romance",51546,2011-07-16,Gorô Miyazaki
tt1798709,7,2022-07-22,Her,https://www.imdb.com/title/tt1798709/,movie,8.0,126,2013,"Drama, Romance, Sci-Fi",666692,2013-10-12,Spike Jonze
tt1809398,5,2020-11-14,Unbroken,https://www.imdb.com/title/tt1809398/,movie,7.2,137,2014,"Action, Biography, Drama, Sport, War",181965,2014-11-17,Angelina Jolie
tt1817273,8,2021-02-21,The Place Beyond the Pines,https://www.imdb.com/title/tt1817273/,movie,7.3,140,2012,"Crime, Drama, Thriller",289266,2012-09-07,Derek Cianfrance
tt0181865,5,2024-02-23,Traffic,https://www.imdb.com/title/tt0181865/,movie,7.6,147,2000,"Crime, Drama, Thriller",219229,2000-12-06,Steven Soderbergh
tt18233714,10,2024-03-22,The Bear: Braciole,https://www.imdb.com/title/tt18233714/,tvEpisode,9.2,48,2022,"Comedy, Drama",7787,2022-06-23,Christopher Storer
tt1825683,8,2020-08-17,Black Panther,https://www.imdb.com/title/tt1825683/,movie,7.3,134,2018,"Action, Adventure, Sci-Fi",834189,2018-01-29,Ryan Coogler
tt1843866,8,2020-08-17,Captain America: The Winter Soldier,https://www.imdb.com/title/tt1843866/,movie,7.7,136,2014,"Action, Adventure, Sci-Fi, Thriller",895940,2014-03-13,"Anthony Russo, Joe Russo"
tt1853728,8,2021-04-03,Django Unchained,https://www.imdb.com/title/tt1853728/,movie,8.5,165,2012,"Drama, Western",1685416,2012-12-11,Quentin Tarantino
tt1856101,8,2024-02-26,Blade Runner 2049,https://www.imdb.com/title/tt1856101/,movie,8.0,164,2017,"Action, Drama, Mystery, Sci-Fi, Thriller",658538,2017-10-03,Denis Villeneuve
tt1865505,6,2024-02-02,Song of the Sea,https://www.imdb.com/title/tt1865505/,movie,8.0,93,2014,"Animation, Adventure, Drama, Family, Fantasy",62865,2014-09-06,Tomm Moore
tt1872181,4,2020-08-17,The Amazing Spider-Man 2,https://www.imdb.com/title/tt1872181/,movie,6.6,142,2014,"Action, Adventure, Sci-Fi",535387,2014-04-10,Marc Webb
tt1877830,9,2024-02-25,The Batman,https://www.imdb.com/title/tt1877830/,movie,7.8,176,2022,"Action, Crime, Drama, Mystery, Thriller",779564,2022-03-01,Matt Reeves
tt1878870,8,2023-05-24,The Edge of Seventeen,https://www.imdb.com/title/tt1878870/,movie,7.3,104,2016,"Comedy, Drama",139657,2016-09-16,Kelly Fremon Craig
tt1895587,9,2020-08-17,Spotlight,https://www.imdb.com/title/tt1895587/,movie,8.1,129,2015,"Biography, Crime, Drama",500395,2015-09-03,Tom McCarthy
tt18970454,8,2024-03-13,Jimmy Savile: A British Horror Story,https://www.imdb.com/title/tt18970454/,tvMiniSeries,6.7,170,2022,"Documentary, Biography, Crime",9037,2022-04-06,
tt19034522,5,2023-12-02,White Hot: The Rise & Fall of Abercrombie & Fitch,https://www.imdb.com/title/tt19034522/,movie,5.8,88,2022,Documentary,5196,2022-04-19,Alison Klayman
tt1935156,8,2020-07-29,Jodorowsky's Dune,https://www.imdb.com/title/tt1935156/,movie,8.0,90,2013,Documentary,27269,2013-05-18,Frank Pavich
tt1942612,10,2020-03-11,Sherlock: A Scandal in Belgravia,https://www.imdb.com/title/tt1942612/,tvEpisode,9.4,89,2012,"Crime, Drama, Mystery, Thriller",41369,2012-01-01,Paul McGuigan
tt1950186,8,2021-04-10,Ford v Ferrari,https://www.imdb.com/title/tt1950186/,movie,8.1,152,2019,"Action, Biography, Drama, Sport",464977,2019-08-30,James Mangold
tt1951264,7,2020-08-17,The Hunger Games: Catching Fire,https://www.imdb.com/title/tt1951264/,movie,7.5,146,2013,"Action, Adventure, Sci-Fi, Thriller",718527,2013-11-11,Francis Lawrence
tt1951265,6,2020-08-17,The Hunger Games: Mockingjay - Part 1,https://www.imdb.com/title/tt1951265/,movie,6.6,123,2014,"Action, Adventure, Sci-Fi, Thriller",500411,2014-11-10,Francis Lawrence
tt1951266,6,2020-08-17,The Hunger Games: Mockingjay - Part 2,https://www.imdb.com/title/tt1951266/,movie,6.5,137,2015,"Action, Adventure, Sci-Fi, Thriller",370965,2015-11-04,Francis Lawrence
tt0195685,8,2024-02-23,Erin Brockovich,https://www.imdb.com/title/tt0195685/,movie,7.4,131,2000,"Biography, Drama",219960,2000-03-14,Steven Soderbergh
tt1972591,4,2020-08-17,King Arthur: Legend of the Sword,https://www.imdb.com/title/tt1972591/,movie,6.7,126,2017,"Action, Adventure, Drama, Fantasy",231550,2017-04-27,Guy Ritchie
tt19770238,7,2023-02-16,Aftersun,https://www.imdb.com/title/tt19770238/,movie,7.6,102,2022,Drama,91308,2022-05-21,Charlotte Wells
tt1979320,5,2024-02-23,Rush,https://www.imdb.com/title/tt1979320/,movie,8.1,123,2013,"Action, Biography, Drama, Sport",511083,2013-09-02,Ron Howard
tt1979376,8,2020-08-17,Toy Story 4,https://www.imdb.com/title/tt1979376/,movie,7.7,100,2019,"Animation, Adventure, Comedy, Family, Fantasy",278676,2019-06-11,Josh Cooley
tt1979388,7,2020-08-17,The Good Dinosaur,https://www.imdb.com/title/tt1979388/,movie,6.7,93,2015,"Animation, Adventure, Comedy, Drama, Family, Fantasy",126846,2015-11-10,Peter Sohn
tt1981115,4,2020-08-17,Thor: The Dark World,https://www.imdb.com/title/tt1981115/,movie,6.8,112,2013,"Action, Adventure, Fantasy",722622,2013-10-22,Alan Taylor
tt0198781,7,2020-08-17,"Monsters, Inc.",https://www.imdb.com/title/tt0198781/,movie,8.1,92,2001,"Animation, Adventure, Comedy, Family, Fantasy",974569,2001-10-28,"Pete Docter, David Silverman, Lee Unkrich"
tt2005151,6,2020-08-17,War Dogs,https://www.imdb.com/title/tt2005151/,movie,7.1,114,2016,"Biography, Comedy, Crime, Drama, War",252165,2016-08-03,Todd Phillips
tt2013293,7,2020-08-17,Kaze tachinu,https://www.imdb.com/title/tt2013293/,movie,7.8,126,2013,"Animation, Biography, Drama, Romance, War",97936,2013-07-20,Hayao Miyazaki
tt2015381,7,2020-08-17,Guardians of the Galaxy,https://www.imdb.com/title/tt2015381/,movie,8.0,121,2014,"Action, Adventure, Comedy, Sci-Fi",1268667,2014-07-21,James Gunn
tt2024544,8,2024-02-02,12 Years a Slave,https://www.imdb.com/title/tt2024544/,movie,8.1,134,2013,"Biography, Drama, History",739097,2013-08-30,Steve McQueen
tt0206634,7,2020-08-17,Children of Men,https://www.imdb.com/title/tt0206634/,movie,7.9,109,2006,"Action, Drama, Sci-Fi, Thriller",527799,2006-09-03,Alfonso Cuarón
tt2080374,7,2022-03-28,Steve Jobs,https://www.imdb.com/title/tt2080374/,movie,7.2,122,2015,"Biography, Drama",178052,2015-09-05,Danny Boyle
tt2084970,7,2020-08-17,The Imitation Game,https://www.imdb.com/title/tt2084970/,movie,8.0,114,2014,"Biography, Drama, Thriller, War",821715,2014-08-29,Morten Tyldum
tt0209144,9,2020-10-14,Memento,https://www.imdb.com/title/tt0209144/,movie,8.4,113,2000,"Mystery, Thriller",1317473,2000-09-05,Christopher Nolan
tt2096673,9,2020-08-17,Inside Out,https://www.imdb.com/title/tt2096673/,movie,8.1,95,2015,"Animation, Adventure, Comedy, Drama, Family, Fantasy",780832,2015-05-18,"Pete Docter, Ronnie Del Carmen"
tt2097298,7,2021-06-07,"McFarland, USA",https://www.imdb.com/title/tt2097298/,movie,7.4,129,2015,"Biography, Drama, Sport",42087,2015-02-09,Niki Caro
tt21064584,7,2024-03-02,The Iron Claw,https://www.imdb.com/title/tt21064584/,movie,7.7,132,2023,"Biography, Drama, Sport",46768,2023-11-08,Sean Durkin
tt0211915,6,2023-09-14,Le fabuleux destin d'Amélie Poulain,https://www.imdb.com/title/tt0211915/,movie,8.3,122,2001,"Comedy, Romance",792171,2001-04-25,Jean-Pierre Jeunet
tt2119532,8,2020-08-17,Hacksaw Ridge,https://www.imdb.com/title/tt2119532/,movie,8.1,139,2016,"Biography, Drama, History, War",590031,2016-09-04,Mel Gibson
tt21217912,9,2023-12-02,Trainwreck: Woodstock '99,https://www.imdb.com/title/tt21217912/,tvMiniSeries,7.4,142,2022,"Documentary, History, Music",21317,2022-08-02,
tt2140373,5,2024-02-23,Saving Mr. Banks,https://www.imdb.com/title/tt2140373/,movie,7.5,125,2013,"Biography, Comedy, Drama",169721,2013-10-20,John Lee Hancock
tt2194499,7,2023-03-08,About Time,https://www.imdb.com/title/tt2194499/,movie,7.8,123,2013,"Comedy, Drama, Fantasy, Romance, Sci-Fi",383955,2013-06-27,Richard Curtis
tt2209418,9,2023-06-12,Before Midnight,https://www.imdb.com/title/tt2209418/,movie,7.9,109,2013,"Drama, Romance",171503,2013-01-20,Richard Linklater
tt2250912,7,2020-08-17,Spider-Man: Homecoming,https://www.imdb.com/title/tt2250912/,movie,7.4,133,2017,"Action, Adventure, Sci-Fi",715942,2017-06-28,Jon Watts
tt2267968,6,2023-08-06,Kung Fu Panda 3,https://www.imdb.com/title/tt2267968/,movie,7.1,95,2016,"Animation, Action, Adventure, Comedy, Family, Fantasy",185634,2016-01-16,"Alessandro Carloni, Jennifer Yuh Nelson"
tt2267998,8,2020-12-06,Gone Girl,https://www.imdb.com/title/tt2267998/,movie,8.1,149,2014,"Drama, Mystery, Thriller",1062347,2014-09-26,David Fincher
tt2277860,7,2020-08-17,Finding Dory,https://www.imdb.com/title/tt2277860/,movie,7.2,97,2016,"Animation, Adventure, Comedy, Family",301890,2016-06-08,"Andrew Stanton, Angus MacLane"
tt2278388,8,2020-08-17,The Grand Budapest Hotel,https://www.imdb.com/title/tt2278388/,movie,8.1,99,2014,"Adventure, Comedy, Crime",882561,2014-02-06,Wes Anderson
tt2283362,6,2022-10-08,Jumanji: Welcome to the Jungle,https://www.imdb.com/title/tt2283362/,movie,6.9,119,2017,"Action, Adventure, Comedy, Fantasy",435642,2017-12-05,Jake Kasdan
tt2294629,6,2020-08-17,Frozen,https://www.imdb.com/title/tt2294629/,movie,7.4,102,2013,"Animation, Adventure, Comedy, Family, Fantasy, Musical",661576,2013-11-10,"Jennifer Lee, Chris Buck"
tt2310332,6,2021-02-02,The Hobbit: The Battle of the Five Armies,https://www.imdb.com/title/tt2310332/,movie,7.4,144,2014,"Adventure, Fantasy",569330,2014-12-01,Peter Jackson
tt2334649,7,2020-08-17,Fruitvale Station,https://www.imdb.com/title/tt2334649/,movie,7.5,85,2013,"Biography, Crime, Drama, Romance",85709,2013-01-19,Ryan Coogler
tt2379713,6,2021-10-27,Spectre,https://www.imdb.com/title/tt2379713/,movie,6.8,148,2015,"Action, Adventure, Thriller",464826,2015-10-26,Sam Mendes
tt2380307,9,2020-08-17,Coco,https://www.imdb.com/title/tt2380307/,movie,8.4,105,2017,"Animation, Adventure, Drama, Family, Fantasy, Music, Mystery",585832,2017-10-20,"Adrian Molina, Lee Unkrich"
tt2381111,9,2020-08-17,Brooklyn,https://www.imdb.com/title/tt2381111/,movie,7.5,117,2015,"Drama, Romance",150015,2015-01-26,John Crowley
tt2382320,7,2021-10-28,No Time to Die,https://www.imdb.com/title/tt2382320/,movie,7.3,163,2021,"Action, Adventure, Thriller",442579,2021-09-28,Cary Joji Fukunaga
tt2395427,6,2020-08-17,Avengers: Age of Ultron,https://www.imdb.com/title/tt2395427/,movie,7.3,141,2015,"Action, Adventure, Sci-Fi",918258,2015-04-13,Joss Whedon
tt2396224,7,2022-03-28,It's Such a Beautiful Day,https://www.imdb.com/title/tt2396224/,movie,8.2,62,2012,"Animation, Comedy, Drama, Fantasy, Horror, Mystery, Sci-Fi, Thriller",15857,2012-08-24,Don Hertzfeldt
tt0240772,8,2020-08-17,Ocean's Eleven,https://www.imdb.com/title/tt0240772/,movie,7.7,116,2001,"Crime, Thriller",616140,2001-12-05,Steven Soderbergh
tt0241527,7,2020-12-24,Harry Potter and the Sorcerer's Stone,https://www.imdb.com/title/tt0241527/,movie,7.6,152,2001,"Adventure, Family, Fantasy",852544,2001-11-04,Chris Columbus
tt0245429,8,2020-08-17,Sen to Chihiro no kamikakushi,https://www.imdb.com/title/tt0245429/,movie,8.6,125,2001,"Animation, Adventure, Family, Fantasy, Mystery",843624,2001-07-20,Hayao Miyazaki
tt0246578,7,2020-08-17,Donnie Darko,https://www.imdb.com/title/tt0246578/,movie,8.0,113,2001,"Drama, Mystery, Sci-Fi, Thriller",846887,2001-01-19,Richard Kelly
tt2488496,8,2020-08-17,Star Wars: Episode VII - The Force Awakens,https://www.imdb.com/title/tt2488496/,movie,7.8,138,2015,"Action, Adventure, Sci-Fi",971152,2015-12-14,J.J. Abrams
tt2527336,9,2020-10-08,Star Wars: Episode VIII - The Last Jedi,https://www.imdb.com/title/tt2527336/,movie,6.9,152,2017,"Action, Adventure, Fantasy, Sci-Fi",669569,2017-12-09,Rian Johnson
tt2527338,5,2020-08-17,Star Wars: Episode IX - The Rise of Skywalker,https://www.imdb.com/title/tt2527338/,movie,6.4,141,2019,"Action, Adventure, Fantasy, Sci-Fi",490891,2019-12-16,J.J. Abrams
tt0253474,6,2022-03-27,The Pianist,https://www.imdb.com/title/tt0253474/,movie,8.5,150,2002,"Biography, Drama, Music, War",906982,2002-05-24,Roman Polanski
tt2543164,8,2022-03-26,Arrival,https://www.imdb.com/title/tt2543164/,movie,7.9,116,2016,"Drama, Mystery, Sci-Fi",764657,2016-09-01,Denis Villeneuve
tt2545118,8,2023-12-13,Blackfish,https://www.imdb.com/title/tt2545118/,movie,8.1,83,2013,Documentary,72087,2013-01-19,Gabriela Cowperthwaite
tt2562232,8,2022-03-28,Birdman or (The Unexpected Virtue of Ignorance),https://www.imdb.com/title/tt2562232/,movie,7.7,119,2014,"Comedy, Drama",664724,2014-08-27,Alejandro G. Iñárritu
tt2576852,6,2024-02-23,Kaguya-hime no monogatari,https://www.imdb.com/title/tt2576852/,movie,8.0,137,2013,"Animation, Drama, Family, Fantasy, Romance",53612,2013-11-23,Isao Takahata
tt2582496,6,2024-02-23,Me and Earl and the Dying Girl,https://www.imdb.com/title/tt2582496/,movie,7.7,105,2015,"Comedy, Drama, Romance",137890,2015-01-25,Alfonso Gomez-Rejon
tt2582782,7,2020-08-17,Hell or High Water,https://www.imdb.com/title/tt2582782/,movie,7.6,102,2016,"Crime, Drama, Thriller, Western",251386,2016-05-16,David Mackenzie
tt2582802,10,2020-08-17,Whiplash,https://www.imdb.com/title/tt2582802/,movie,8.5,106,2014,"Drama, Music",980953,2014-01-16,Damien Chazelle
tt2584384,9,2020-08-17,Jojo Rabbit,https://www.imdb.com/title/tt2584384/,movie,7.9,108,2019,"Comedy, Drama, War",438713,2019-09-08,Taika Waititi
tt26047818,3,2024-01-07,Anyone But You,https://www.imdb.com/title/tt26047818/,movie,6.2,103,2023,"Comedy, Romance",54749,2023-12-15,Will Gluck
tt26218818,8,2024-01-21,Captains of the World,https://www.imdb.com/title/tt26218818/,tvMiniSeries,8.3,280,2023,"Documentary, Sport",3696,2023-04-30,
tt26445771,7,2024-02-28,Who Killed Jill Dando?,https://www.imdb.com/title/tt26445771/,tvMiniSeries,6.3,139,2023,"Documentary, Crime, History, Mystery",2342,2023-09-26,
tt0264464,7,2020-11-22,Catch Me If You Can,https://www.imdb.com/title/tt0264464/,movie,8.1,141,2002,"Biography, Crime, Drama",1088609,2002-12-16,Steven Spielberg
tt0265086,5,2024-02-23,Black Hawk Down,https://www.imdb.com/title/tt0265086/,movie,7.7,144,2001,"Action, Drama, History, War",422022,2001-12-18,Ridley Scott
tt0265666,7,2020-08-17,The Royal Tenenbaums,https://www.imdb.com/title/tt0265666/,movie,7.6,110,2001,"Comedy, Drama",312334,2001-10-05,Wes Anderson
tt0266543,8,2023-05-22,Finding Nemo,https://www.imdb.com/title/tt0266543/,movie,8.2,100,2003,"Animation, Adventure, Comedy, Family",1108653,2003-05-18,"Andrew Stanton, Lee Unkrich"
tt0266697,6,2022-03-28,Kill Bill: Vol. 1,https://www.imdb.com/title/tt0266697/,movie,8.2,111,2003,"Action, Crime, Thriller",1186657,2003-09-29,Quentin Tarantino
tt0268978,6,2024-03-19,A Beautiful Mind,https://www.imdb.com/title/tt0268978/,movie,8.2,135,2001,"Biography, Drama, Mystery",983369,2001-12-13,Ron Howard
tt27142031,9,2024-01-27,American Manhunt: The Boston Marathon Bombing,https://www.imdb.com/title/tt27142031/,tvMiniSeries,7.5,175,2023,"Documentary, Crime, History",6761,2023-04-12,
tt0275847,7,2020-08-17,Lilo & Stitch,https://www.imdb.com/title/tt0275847/,movie,7.3,85,2002,"Animation, Adventure, Comedy, Drama, Family, Fantasy, Sci-Fi",210518,2002-06-16,"Chris Sanders, Dean DeBlois"
tt27726927,9,2024-02-23,Wham!,https://www.imdb.com/title/tt27726927/,movie,7.5,92,2023,"Documentary, Biography, Music",8815,2023-07-05,Chris Smith
tt0278504,7,2020-08-17,Insomnia,https://www.imdb.com/title/tt0278504/,movie,7.2,118,2002,"Drama, Mystery, Thriller",317722,2002-05-03,Christopher Nolan
tt2788432,8,2020-11-20,American Crime Story,https://www.imdb.com/title/tt2788432/,tvSeries,8.4,42,2016,"Biography, Crime, Drama, History",98605,2016-02-02,
tt2788710,3,2020-08-17,The Interview,https://www.imdb.com/title/tt2788710/,movie,6.5,112,2014,"Action, Adventure, Comedy",353396,2014-12-11,"Evan Goldberg, Seth Rogen"
tt2798920,8,2020-08-17,Annihilation,https://www.imdb.com/title/tt2798920/,movie,6.8,115,2018,"Adventure, Drama, Horror, Mystery, Sci-Fi, Thriller",358715,2018-02-13,Alex Garland
tt2872718,9,2020-08-17,Nightcrawler,https://www.imdb.com/title/tt2872718/,movie,7.8,117,2014,"Crime, Drama, Thriller",601456,2014-09-05,Dan Gilroy
tt2872750,7,2023-09-05,Shaun the Sheep Movie,https://www.imdb.com/title/tt2872750/,movie,7.3,85,2015,"Animation, Adventure, Comedy, Family, Fantasy",43292,2015-01-24,"Mark Burton, Richard Starzak"
tt2911666,6,2020-08-17,John Wick,https://www.imdb.com/title/tt2911666/,movie,7.4,101,2014,"Action, Crime, Thriller",735787,2014-09-19,"David Leitch, Chad Stahelski"
tt2932536,2,2024-02-23,47 Meters Down,https://www.imdb.com/title/tt2932536/,movie,5.6,89,2017,"Horror, Mystery, Thriller",60714,2017-05-25,Johannes Roberts
tt2935510,8,2020-08-17,Ad Astra,https://www.imdb.com/title/tt2935510/,movie,6.5,123,2019,"Adventure, Drama, Mystery, Sci-Fi, Thriller",259474,2019-08-29,James Gray
tt2948356,8,2020-08-17,Zootopia,https://www.imdb.com/title/tt2948356/,movie,8.0,108,2016,"Animation, Adventure, Comedy, Crime, Family, Mystery",543245,2016-02-10,"Rich Moore, Jared Bush, Byron Howard"
tt2948372,8,2021-01-15,Soul,https://www.imdb.com/title/tt2948372/,movie,8.0,100,2020,"Animation, Adventure, Comedy, Drama, Family, Fantasy, Music",376790,2020-10-11,"Pete Docter, Kemp Powers"
tt0295297,6,2020-08-17,Harry Potter and the Chamber of Secrets,https://www.imdb.com/title/tt0295297/,movie,7.4,161,2002,"Adventure, Family, Fantasy, Mystery",689334,2002-11-03,Chris Columbus
tt2953050,8,2022-02-18,Encanto,https://www.imdb.com/title/tt2953050/,movie,7.2,102,2021,"Animation, Comedy, Family, Fantasy, Musical",259818,2021-11-03,"Jared Bush, Byron Howard, Charise Castro Smith"
tt0029583,6,2020-08-17,Snow White and the Seven Dwarfs,https://www.imdb.com/title/tt0029583/,movie,7.6,83,1937,"Animation, Adventure, Family, Fantasy, Musical, Romance",214575,1937-12-21,"William Cottrell, Perce Pearce, David Hand, Ben Sharpsteen, Wilfred Jackson, Larry Morey"
tt2975590,6,2020-08-17,Batman v Superman: Dawn of Justice,https://www.imdb.com/title/tt2975590/,movie,6.5,151,2016,"Action, Adventure, Sci-Fi",750658,2016-03-12,Zack Snyder
tt2980516,7,2022-03-28,The Theory of Everything,https://www.imdb.com/title/tt2980516/,movie,7.7,123,2014,"Biography, Drama, Romance",480406,2014-09-07,James Marsh
tt0298148,6,2023-09-04,Shrek 2,https://www.imdb.com/title/tt0298148/,movie,7.3,93,2004,"Animation, Adventure, Comedy, Family, Fantasy, Romance",502302,2004-05-08,"Conrad Vernon, Kelly Asbury, Andrew Adamson"
tt0298203,7,2020-08-17,8 Mile,https://www.imdb.com/title/tt0298203/,movie,7.2,110,2002,"Drama, Music",319265,2002-09-08,Curtis Hanson
tt0304141,8,2020-08-17,Harry Potter and the Prisoner of Azkaban,https://www.imdb.com/title/tt0304141/,movie,7.9,142,2004,"Adventure, Family, Fantasy, Mystery",688270,2004-05-23,Alfonso Cuarón
tt3076658,8,2020-08-17,Creed,https://www.imdb.com/title/tt3076658/,movie,7.6,133,2015,"Action, Drama, Sport",309729,2015-11-19,Ryan Coogler
tt0031381,6,2024-02-23,Gone with the Wind,https://www.imdb.com/title/tt0031381/,movie,8.2,238,1939,"Drama, Romance, War",333053,1939-12-15,"Sam Wood, George Cukor, Victor Fleming"
tt0316654,9,2020-08-17,Spider-Man 2,https://www.imdb.com/title/tt0316654/,movie,7.5,127,2004,"Action, Adventure, Sci-Fi",704807,2004-06-25,Sam Raimi
tt3170832,6,2024-03-07,Room,https://www.imdb.com/title/tt3170832/,movie,8.1,118,2015,"Drama, Thriller",448487,2015-09-04,Lenny Abrahamson
tt0317219,7,2020-08-17,Cars,https://www.imdb.com/title/tt0317219/,movie,7.2,116,2006,"Animation, Adventure, Comedy, Family, Sport",466499,2006-03-14,"John Lasseter, Joe Ranft"
tt0317705,8,2020-08-18,The Incredibles,https://www.imdb.com/title/tt0317705/,movie,8.0,115,2004,"Animation, Action, Adventure, Family",804370,2004-10-27,Brad Bird
tt3183660,7,2022-04-18,Fantastic Beasts and Where to Find Them,https://www.imdb.com/title/tt3183660/,movie,7.2,132,2016,"Adventure, Family, Fantasy",506104,2016-11-08,David Yates
tt0032138,6,2020-08-17,The Wizard of Oz,https://www.imdb.com/title/tt0032138/,movie,8.1,102,1939,"Adventure, Family, Fantasy, Musical",426986,1939-08-10,"King Vidor, Victor Fleming"
tt3228774,7,2021-07-14,Cruella,https://www.imdb.com/title/tt3228774/,movie,7.3,134,2021,"Adventure, Comedy, Crime, Drama",264110,2021-05-18,Craig Gillespie
tt0032455,5,2024-02-23,Fantasia,https://www.imdb.com/title/tt0032455/,movie,7.7,124,1940,"Animation, Family, Fantasy, Music, Musical",103614,1940-11-13,"Samuel Armstrong, Ben Sharpsteen, Hamilton Luske, Paul Satterfield, James Algar, Jim Handley, Ford Beebe Jr., David Hand, Wilfred Jackson, T. Hee, Norman Ferguson, Bill Roberts"
tt3281548,9,2020-08-17,Little Women,https://www.imdb.com/title/tt3281548/,movie,7.8,135,2019,"Drama, Romance",243212,2019-12-07,Greta Gerwig
tt0032910,6,2020-08-17,Pinocchio,https://www.imdb.com/title/tt0032910/,movie,7.5,88,1940,"Animation, Adventure, Comedy, Family, Fantasy, Musical",159148,1940-02-07,"Ben Sharpsteen, Jack Kinney, Hamilton Luske, Wilfred Jackson, T. Hee, Norman Ferguson, Bill Roberts"
tt0330373,9,2022-12-14,Harry Potter and the Goblet of Fire,https://www.imdb.com/title/tt0330373/,movie,7.7,157,2005,"Adventure, Family, Fantasy, Mystery",678486,2005-11-06,Mike Newell
tt0332379,7,2021-06-06,School of Rock,https://www.imdb.com/title/tt0332379/,movie,7.2,109,2003,"Comedy, Music",329323,2003-09-09,Richard Linklater
tt0033467,8,2020-12-06,Citizen Kane,https://www.imdb.com/title/tt0033467/,movie,8.3,119,1941,"Drama, Mystery",464458,1941-05-01,Orson Welles
tt0335266,7,2024-02-02,Lost in Translation,https://www.imdb.com/title/tt0335266/,movie,7.7,102,2003,"Comedy, Drama",486446,2003-08-29,Sofia Coppola
tt0033563,7,2020-08-17,Dumbo,https://www.imdb.com/title/tt0033563/,movie,7.2,64,1941,"Animation, Adventure, Drama, Family, Fantasy, Musical",141554,1941-10-23,"Samuel Armstrong, Ben Sharpsteen, Jack Kinney, Wilfred Jackson, John Elliotte, Norman Ferguson, Bill Roberts"
tt3361792,4,2024-02-23,Tolkien,https://www.imdb.com/title/tt3361792/,movie,6.8,112,2019,"Biography, Drama, Romance, War",46326,2019-04-29,Dome Karukoski
tt0338013,6,2024-02-02,Eternal Sunshine of the Spotless Mind,https://www.imdb.com/title/tt0338013/,movie,8.3,108,2004,"Drama, Romance, Sci-Fi",1073241,2004-03-09,Michel Gondry
tt0033870,5,2024-02-23,The Maltese Falcon,https://www.imdb.com/title/tt0033870/,movie,8.0,100,1941,"Crime, Film-Noir, Mystery, Romance",166144,1941-10-03,John Huston
tt0338751,7,2024-02-02,The Aviator,https://www.imdb.com/title/tt0338751/,movie,7.5,170,2004,"Biography, Drama",383041,2004-12-14,Martin Scorsese
tt3397884,8,2020-08-17,Sicario,https://www.imdb.com/title/tt3397884/,movie,7.7,121,2015,"Action, Crime, Drama, Mystery, Thriller",473217,2015-05-19,Denis Villeneuve
tt3416742,8,2020-08-17,What We Do in the Shadows,https://www.imdb.com/title/tt3416742/,movie,7.6,86,2014,"Comedy, Horror",199412,2014-01-19,"Taika Waititi, Jemaine Clement"
tt0034492,8,2020-08-17,Bambi,https://www.imdb.com/title/tt0034492/,movie,7.3,69,1942,"Animation, Adventure, Drama, Family",153469,1942-08-09,"Samuel Armstrong, Paul Satterfield, Graham Heid, James Algar, David Hand, Clyde Geronimi, Arthur Davis, Norman Wright, Bill Roberts"
tt0034583,8,2021-03-13,Casablanca,https://www.imdb.com/title/tt0034583/,movie,8.5,102,1942,"Drama, Romance, War",603888,1942-11-26,Michael Curtiz
tt0347149,7,2020-08-17,Hauru no ugoku shiro,https://www.imdb.com/title/tt0347149/,movie,8.2,119,2004,"Animation, Adventure, Family, Fantasy",445570,2004-09-05,Hayao Miyazaki
tt3480822,5,2024-02-23,Black Widow,https://www.imdb.com/title/tt3480822/,movie,6.7,134,2021,"Action, Adventure, Sci-Fi",423509,2021-06-30,Cate Shortland
tt3498820,8,2020-08-17,Captain America: Civil War,https://www.imdb.com/title/tt3498820/,movie,7.8,147,2016,"Action, Sci-Fi",846496,2016-04-12,"Anthony Russo, Joe Russo"
tt0349903,6,2020-08-17,Ocean's Twelve,https://www.imdb.com/title/tt0349903/,movie,6.5,125,2004,"Crime, Thriller",412705,2004-12-08,Steven Soderbergh
tt3501632,7,2020-08-17,Thor: Ragnarok,https://www.imdb.com/title/tt3501632/,movie,7.9,130,2017,"Action, Adventure, Comedy, Fantasy, Sci-Fi",812662,2017-10-10,Taika Waititi
tt3521126,8,2024-02-23,The Disaster Artist,https://www.imdb.com/title/tt3521126/,movie,7.3,104,2017,"Biography, Comedy, Drama",163747,2017-09-11,James Franco
tt3521164,7,2020-08-17,Moana,https://www.imdb.com/title/tt3521164/,movie,7.6,107,2016,"Animation, Adventure, Comedy, Family, Fantasy, Musical",375483,2016-11-14,"Don Hall, Ron Clements, John Musker, Chris Williams"
tt0353969,8,2024-02-23,Salinui chueok,https://www.imdb.com/title/tt0353969/,movie,8.1,131,2003,"Crime, Drama, Mystery, Thriller",214389,2003-05-02,Bong Joon Ho
tt3544112,8,2020-08-23,Sing Street,https://www.imdb.com/title/tt3544112/,movie,7.9,106,2016,"Comedy, Drama, Music, Romance",100622,2016-01-24,John Carney
tt3553976,7,2024-02-02,Captain Fantastic,https://www.imdb.com/title/tt3553976/,movie,7.8,118,2016,"Comedy, Drama",234109,2016-01-23,Matt Ross
tt0359950,7,2022-12-24,The Secret Life of Walter Mitty,https://www.imdb.com/title/tt0359950/,movie,7.3,114,2013,"Adventure, Comedy, Drama, Fantasy, Romance",339704,2013-10-05,Ben Stiller
tt3606756,8,2020-08-17,Incredibles 2,https://www.imdb.com/title/tt3606756/,movie,7.5,118,2018,"Animation, Action, Adventure, Comedy, Family, Sci-Fi",329329,2018-06-05,Brad Bird
tt0361748,8,2021-03-28,Inglourious Basterds,https://www.imdb.com/title/tt0361748/,movie,8.4,153,2009,"Adventure, Drama, War",1575381,2009-05-20,Quentin Tarantino
tt0363771,6,2020-08-17,"The Chronicles of Narnia: The Lion, the Witch and the Wardrobe",https://www.imdb.com/title/tt0363771/,movie,6.9,143,2005,"Adventure, Family, Fantasy",426540,2005-12-07,Andrew Adamson
tt0365748,8,2020-10-31,Shaun of the Dead,https://www.imdb.com/title/tt0365748/,movie,7.9,99,2004,"Comedy, Horror",591694,2004-03-29,Edgar Wright
tt3659388,6,2020-08-17,The Martian,https://www.imdb.com/title/tt3659388/,movie,8.0,144,2015,"Adventure, Drama, Sci-Fi",918742,2015-09-11,Ridley Scott
tt0371746,7,2020-08-17,Iron Man,https://www.imdb.com/title/tt0371746/,movie,7.9,126,2008,"Action, Adventure, Sci-Fi",1120351,2008-04-14,Jon Favreau
tt0372784,9,2020-08-17,Batman Begins,https://www.imdb.com/title/tt0372784/,movie,8.2,140,2005,"Action, Crime, Drama",1571501,2005-05-31,Christopher Nolan
tt0373889,6,2022-12-16,Harry Potter and the Order of the Phoenix,https://www.imdb.com/title/tt0373889/,movie,7.5,138,2007,"Action, Adventure, Family, Fantasy, Mystery",630303,2007-06-28,David Yates
tt3748528,7,2020-08-17,Rogue One,https://www.imdb.com/title/tt3748528/,movie,7.8,133,2016,"Action, Adventure, Sci-Fi",683769,2016-12-10,Gareth Edwards
tt0374900,6,2020-08-17,Napoleon Dynamite,https://www.imdb.com/title/tt0374900/,movie,7.0,96,2004,Comedy,236870,2004-01-17,Jared Hess
tt3749900,6,2020-06-13,Gotham,https://www.imdb.com/title/tt3749900/,tvSeries,7.8,42,2014,"Action, Crime, Drama, Mystery, Sci-Fi, Thriller",240187,2014-07-26,
tt0037558,9,2024-01-13,Brief Encounter,https://www.imdb.com/title/tt0037558/,movie,8.0,86,1945,"Drama, Romance",44008,1945-11-19,David Lean
tt3778644,5,2024-02-23,Solo: A Star Wars Story,https://www.imdb.com/title/tt3778644/,movie,6.9,135,2018,"Action, Adventure, Sci-Fi",377539,2018-05-10,Ron Howard
tt0378194,5,2024-02-23,Kill Bill: Vol. 2,https://www.imdb.com/title/tt0378194/,movie,8.0,137,2004,"Action, Crime, Thriller",801240,2004-04-08,Quentin Tarantino
tt3783958,10,2020-08-17,La La Land,https://www.imdb.com/title/tt3783958/,movie,8.0,128,2016,"Comedy, Drama, Music, Musical, Romance",665284,2016-08-31,Damien Chazelle
tt0379725,6,2022-03-28,Capote,https://www.imdb.com/title/tt0379725/,movie,7.3,114,2005,"Biography, Crime, Drama, History",140380,2005-09-02,Bennett Miller
tt3799694,8,2020-08-25,The Nice Guys,https://www.imdb.com/title/tt3799694/,movie,7.4,116,2016,"Action, Comedy, Crime, Thriller",370480,2016-05-10,Shane Black
tt0381061,8,2022-03-28,Casino Royale,https://www.imdb.com/title/tt0381061/,movie,8.0,144,2006,"Action, Adventure, Thriller",692391,2006-11-14,Martin Campbell
tt0381681,9,2023-06-12,Before Sunset,https://www.imdb.com/title/tt0381681/,movie,8.1,80,2004,"Drama, Romance",286649,2004-02-10,Richard Linklater
tt0382932,9,2020-08-17,Ratatouille,https://www.imdb.com/title/tt0382932/,movie,8.1,111,2007,"Animation, Adventure, Comedy, Family, Fantasy",818973,2007-06-22,"Brad Bird, Jan Pinkava"
tt0038650,8,2020-12-24,It's a Wonderful Life,https://www.imdb.com/title/tt0038650/,movie,8.6,130,1946,"Drama, Family, Fantasy, Romance",497516,1946-12-20,Frank Capra
tt3890160,8,2020-08-17,Baby Driver,https://www.imdb.com/title/tt3890160/,movie,7.5,113,2017,"Action, Crime, Drama, Music",605087,2017-03-11,Edgar Wright
tt3892172,6,2024-02-23,Leave No Trace,https://www.imdb.com/title/tt3892172/,movie,7.1,109,2018,"Adventure, Drama",65035,2018-01-20,Debra Granik
tt3896198,8,2024-02-15,Guardians of the Galaxy Vol. 2,https://www.imdb.com/title/tt3896198/,movie,7.6,136,2017,"Action, Adventure, Comedy, Sci-Fi",756028,2017-04-10,James Gunn
tt3915174,7,2023-03-20,Puss in Boots: The Last Wish,https://www.imdb.com/title/tt3915174/,movie,7.8,102,2022,"Animation, Action, Adventure, Comedy, Family, Fantasy",172402,2022-12-07,"Januel Mercado, Joel Crawford"
tt0393109,6,2020-08-17,Brick,https://www.imdb.com/title/tt0393109/,movie,7.1,110,2005,"Crime, Drama, Mystery, Thriller",109901,2005-01-31,Rian Johnson
tt0398286,7,2024-02-02,Tangled,https://www.imdb.com/title/tt0398286/,movie,7.7,100,2010,"Animation, Adventure, Comedy, Family, Fantasy, Musical, Romance",491693,2010-11-24,"Byron Howard, Nathan Greno"
tt4034228,8,2020-08-17,Manchester by the Sea,https://www.imdb.com/title/tt4034228/,movie,7.8,137,2016,Drama,311551,2016-01-23,Kenneth Lonergan
tt0040416,8,2022-03-28,Hamlet,https://www.imdb.com/title/tt0040416/,movie,7.6,154,1948,Drama,18286,1948-05-06,Laurence Olivier
tt0407887,9,2021-01-28,The Departed,https://www.imdb.com/title/tt0407887/,movie,8.5,151,2006,"Crime, Drama, Thriller",1416005,2006-09-26,Martin Scorsese
tt4116284,6,2020-08-17,The Lego Batman Movie,https://www.imdb.com/title/tt4116284/,movie,7.3,104,2017,"Animation, Action, Adventure, Comedy, Family, Fantasy, Sci-Fi",171606,2017-02-01,Chris McKay
tt4123430,4,2020-08-17,Fantastic Beasts: The Crimes of Grindelwald,https://www.imdb.com/title/tt4123430/,movie,6.5,134,2018,"Adventure, Family, Fantasy",307482,2018-11-08,David Yates
tt4123432,4,2022-04-09,Fantastic Beasts: The Secrets of Dumbledore,https://www.imdb.com/title/tt4123432/,movie,6.2,142,2022,"Adventure, Family, Fantasy",169013,2022-04-06,David Yates
tt0413300,7,2022-03-28,Spider-Man 3,https://www.imdb.com/title/tt0413300/,movie,6.3,139,2007,"Action, Adventure, Sci-Fi",634575,2007-04-03,Sam Raimi
tt4154664,4,2024-02-15,Captain Marvel,https://www.imdb.com/title/tt4154664/,movie,6.8,123,2019,"Action, Adventure, Sci-Fi",608192,2019-02-27,"Anna Boden, Ryan Fleck"
tt4154756,7,2020-08-17,Avengers: Infinity War,https://www.imdb.com/title/tt4154756/,movie,8.4,149,2018,"Action, Adventure, Sci-Fi",1195443,2018-04-23,"Anthony Russo, Joe Russo"
tt4154796,9,2024-02-23,Avengers: Endgame,https://www.imdb.com/title/tt4154796/,movie,8.4,181,2019,"Action, Adventure, Drama, Sci-Fi",1257936,2019-04-18,"Anthony Russo, Joe Russo"
tt0417741,8,2021-01-02,Harry Potter and the Half-Blood Prince,https://www.imdb.com/title/tt0417741/,movie,7.6,153,2009,"Action, Adventure, Family, Fantasy, Mystery",592858,2009-07-06,David Yates
tt0417791,7,2020-08-17,Inside I'm Dancing,https://www.imdb.com/title/tt0417791/,movie,7.7,104,2004,"Comedy, Drama",15999,2004-10-10,Damien O'Donnell
tt0041959,5,2024-02-23,The Third Man,https://www.imdb.com/title/tt0041959/,movie,8.1,104,1949,"Film-Noir, Mystery, Thriller",181194,1949-09-01,Carol Reed
tt0042332,7,2020-08-17,Cinderella,https://www.imdb.com/title/tt0042332/,movie,7.3,74,1950,"Animation, Family, Fantasy, Musical, Romance",173281,1950-02-15,"Hamilton Luske, Clyde Geronimi, Wilfred Jackson"
tt0425112,7,2022-03-28,Hot Fuzz,https://www.imdb.com/title/tt0425112/,movie,7.8,121,2007,"Action, Comedy, Mystery, Thriller",533710,2007-02-13,Edgar Wright
tt4302938,5,2020-08-17,Kubo and the Two Strings,https://www.imdb.com/title/tt4302938/,movie,7.7,101,2016,"Animation, Action, Adventure, Family, Fantasy",138028,2016-08-13,Travis Knight
tt0432283,8,2020-08-17,Fantastic Mr. Fox,https://www.imdb.com/title/tt0432283/,movie,7.9,87,2009,"Animation, Adventure, Comedy, Crime, Drama, Family",268588,2009-10-14,Wes Anderson
tt0435761,9,2022-03-26,Toy Story 3,https://www.imdb.com/title/tt0435761/,movie,8.3,103,2010,"Animation, Adventure, Comedy, Family, Fantasy",889346,2010-06-12,Lee Unkrich
tt4364194,7,2020-09-13,The Peanut Butter Falcon,https://www.imdb.com/title/tt4364194/,movie,7.6,97,2019,"Adventure, Comedy, Drama",102244,2019-03-09,"Tyler Nilson, Michael Schwartz"
tt0443706,8,2020-08-17,Zodiac,https://www.imdb.com/title/tt0443706/,movie,7.7,157,2007,"Crime, Drama, Mystery, Thriller",595084,2007-02-28,David Fincher
tt4468740,8,2023-07-04,Paddington 2,https://www.imdb.com/title/tt4468740/,movie,7.8,103,2017,"Adventure, Comedy, Family, Fantasy",93278,2017-11-05,Paul King
tt0448157,5,2021-06-10,Hancock,https://www.imdb.com/title/tt0448157/,movie,6.4,92,2008,"Action, Comedy, Drama, Fantasy",510107,2008-06-16,Peter Berg
tt0449010,3,2020-08-17,Eragon,https://www.imdb.com/title/tt0449010/,movie,5.1,104,2006,"Action, Adventure, Family, Fantasy",130252,2006-12-11,Stefen Fangmeier
tt0449059,9,2024-02-23,Little Miss Sunshine,https://www.imdb.com/title/tt0449059/,movie,7.8,101,2006,"Comedy, Drama",516162,2006-01-20,"Jonathan Dayton, Valerie Faris"
tt0451279,6,2024-02-23,Wonder Woman,https://www.imdb.com/title/tt0451279/,movie,7.3,141,2017,"Action, Adventure, Fantasy, Sci-Fi, War",697728,2017-05-15,Patty Jenkins
tt0045152,6,2020-08-17,Singin' in the Rain,https://www.imdb.com/title/tt0045152/,movie,8.3,103,1952,"Comedy, Musical, Romance",259532,1952-03-27,"Gene Kelly, Stanley Donen"
tt4520988,5,2024-02-23,Frozen II,https://www.imdb.com/title/tt4520988/,movie,6.8,103,2019,"Animation, Adventure, Comedy, Drama, Family, Fantasy, Musical",193382,2019-11-07,"Jennifer Lee, Chris Buck"
tt0457430,6,2024-02-23,El laberinto del fauno,https://www.imdb.com/title/tt0457430/,movie,8.2,118,2006,"Drama, Fantasy, War",701016,2006-05-27,Guillermo del Toro
tt4574334,9,2022-06-22,Stranger Things,https://www.imdb.com/title/tt4574334/,tvSeries,8.7,51,2016,"Drama, Fantasy, Horror, Mystery, Sci-Fi, Thriller",1326450,2016-07-11,
tt0458339,6,2020-08-17,Captain America: The First Avenger,https://www.imdb.com/title/tt0458339/,movie,6.9,124,2011,"Action, Adventure, Sci-Fi",893776,2011-07-19,Joe Johnston
tt4589218,2,2024-02-23,Five Nights at Freddy's,https://www.imdb.com/title/tt4589218/,movie,5.5,109,2023,"Horror, Mystery, Thriller",90618,2023-10-25,Emma Tammi
tt0460989,5,2024-02-23,The Wind That Shakes the Barley,https://www.imdb.com/title/tt0460989/,movie,7.5,127,2006,"Drama, War",54352,2006-05-18,Ken Loach
tt4622512,6,2024-02-02,Battle of the Sexes,https://www.imdb.com/title/tt4622512/,movie,6.7,121,2017,"Biography, Comedy, Drama, History, Sport",59688,2017-09-02,"Jonathan Dayton, Valerie Faris"
tt4633694,10,2024-03-08,Spider-Man: Into the Spider-Verse,https://www.imdb.com/title/tt4633694/,movie,8.4,117,2018,"Animation, Action, Adventure, Comedy, Family, Fantasy, Sci-Fi",665569,2018-12-12,"Bob Persichetti, Peter Ramsey, Rodney Rothman"
tt0468569,10,2020-08-17,The Dark Knight,https://www.imdb.com/title/tt0468569/,movie,9.0,152,2008,"Action, Crime, Drama, Thriller",2856731,2008-07-14,Christopher Nolan
tt4686844,7,2020-08-17,The Death of Stalin,https://www.imdb.com/title/tt4686844/,movie,7.3,107,2017,"Comedy, Drama, History",112879,2017-09-08,Armando Iannucci
tt0469494,6,2024-02-02,There Will Be Blood,https://www.imdb.com/title/tt0469494/,movie,8.2,158,2007,Drama,638463,2007-09-27,Paul Thomas Anderson
tt4698684,6,2024-02-02,Hunt for the Wilderpeople,https://www.imdb.com/title/tt4698684/,movie,7.8,101,2016,"Adventure, Comedy, Drama",141242,2016-01-22,Taika Waititi
tt4701182,6,2020-08-17,Bumblebee,https://www.imdb.com/title/tt4701182/,movie,6.7,114,2018,"Action, Adventure, Sci-Fi",187397,2018-12-03,Travis Knight
tt0470752,7,2020-08-17,Ex Machina,https://www.imdb.com/title/tt0470752/,movie,7.7,108,2014,"Drama, Sci-Fi, Thriller",584397,2014-12-16,Alex Garland
tt4729430,8,2021-11-26,Klaus,https://www.imdb.com/title/tt4729430/,movie,8.2,96,2019,"Animation, Adventure, Comedy, Family, Fantasy",188348,2019-11-08,"Carlos Martínez López, Sergio Pablos"
tt0047478,7,2022-03-27,Shichinin no samurai,https://www.imdb.com/title/tt0047478/,movie,8.6,207,1954,"Action, Drama",365519,1954-04-26,Akira Kurosawa
tt0477348,9,2022-07-27,No Country for Old Men,https://www.imdb.com/title/tt0477348/,movie,8.2,122,2007,"Crime, Drama, Thriller",1054304,2007-05-19,"Ethan Coen, Joel Coen"
tt0478304,8,2024-02-02,The Tree of Life,https://www.imdb.com/title/tt0478304/,movie,6.8,139,2011,"Drama, Fantasy",183660,2011-05-16,Terrence Malick
tt0478970,6,2020-08-17,Ant-Man,https://www.imdb.com/title/tt0478970/,movie,7.2,117,2015,"Action, Comedy, Sci-Fi",719291,2015-06-29,Peyton Reed
tt0482571,8,2022-03-26,The Prestige,https://www.imdb.com/title/tt0482571/,movie,8.5,130,2006,"Drama, Mystery, Sci-Fi, Thriller",1434329,2006-10-17,Christopher Nolan
tt0048280,7,2020-08-17,Lady and the Tramp,https://www.imdb.com/title/tt0048280/,movie,7.3,76,1955,"Animation, Adventure, Comedy, Family, Musical, Romance",147781,1955-06-16,"Clyde Geronimi, Wilfred Jackson, Hamilton Luske, Jack Cutting"
tt4846232,7,2020-08-17,Good Time,https://www.imdb.com/title/tt4846232/,movie,7.3,102,2017,"Crime, Drama, Thriller",139530,2017-05-25,"Josh Safdie, Benny Safdie"
tt0048545,5,2024-02-23,Rebel Without a Cause,https://www.imdb.com/title/tt0048545/,movie,7.6,111,1955,Drama,97600,1955-10-26,Nicholas Ray
tt0490215,7,2021-03-07,Silence,https://www.imdb.com/title/tt0490215/,movie,7.2,161,2016,"Drama, History",122417,2016-11-29,Martin Scorsese
tt4912910,8,2020-08-17,Mission: Impossible - Fallout,https://www.imdb.com/title/tt4912910/,movie,7.7,147,2018,"Action, Adventure, Thriller",376630,2018-07-12,Christopher McQuarrie
tt4925292,8,2020-10-08,Lady Bird,https://www.imdb.com/title/tt4925292/,movie,7.4,94,2017,"Comedy, Drama",326153,2017-09-01,Greta Gerwig
tt0496806,6,2020-08-17,Ocean's Thirteen,https://www.imdb.com/title/tt0496806/,movie,6.9,122,2007,"Crime, Thriller",366284,2007-05-24,Steven Soderbergh
tt4975722,8,2020-08-17,Moonlight,https://www.imdb.com/title/tt4975722/,movie,7.4,111,2016,Drama,330369,2016-09-02,Barry Jenkins
tt0499448,6,2020-08-17,The Chronicles of Narnia: Prince Caspian,https://www.imdb.com/title/tt0499448/,movie,6.5,150,2008,"Action, Adventure, Family, Fantasy",224656,2008-05-09,Andrew Adamson
tt0499549,8,2020-08-17,Avatar,https://www.imdb.com/title/tt0499549/,movie,7.9,162,2009,"Action, Adventure, Fantasy, Sci-Fi",1381933,2009-12-10,James Cameron
tt0050083,9,2020-08-17,12 Angry Men,https://www.imdb.com/title/tt0050083/,movie,9.0,96,1957,"Crime, Drama",859785,1957-04-10,Sidney Lumet
tt5013056,8,2020-08-17,Dunkirk,https://www.imdb.com/title/tt5013056/,movie,7.8,106,2017,"Action, Drama, History, Thriller, War",735850,2017-07-13,Christopher Nolan
tt0050212,6,2024-02-02,The Bridge on the River Kwai,https://www.imdb.com/title/tt0050212/,movie,8.1,161,1957,"Adventure, Drama, War",232604,1957-10-02,David Lean
tt5027774,9,2020-08-17,"Three Billboards Outside Ebbing, Missouri",https://www.imdb.com/title/tt5027774/,movie,8.1,115,2017,"Comedy, Crime, Drama",552573,2017-09-04,Martin McDonagh
tt5028340,6,2020-08-17,Mary Poppins Returns,https://www.imdb.com/title/tt5028340/,movie,6.7,130,2018,"Adventure, Comedy, Family, Fantasy, Musical",94868,2018-11-29,Rob Marshall
tt5052448,8,2020-08-17,Get Out,https://www.imdb.com/title/tt5052448/,movie,7.8,104,2017,"Horror, Mystery, Thriller",691066,2017-01-23,Jordan Peele
tt5083738,8,2020-08-17,The Favourite,https://www.imdb.com/title/tt5083738/,movie,7.5,119,2018,"Biography, Comedy, Drama, History",230380,2018-08-30,Yorgos Lanthimos
tt5095030,6,2020-08-17,Ant-Man and the Wasp,https://www.imdb.com/title/tt5095030/,movie,7.0,118,2018,"Action, Adventure, Comedy, Sci-Fi",447510,2018-06-25,Peyton Reed
tt5104604,7,2020-08-17,Isle of Dogs,https://www.imdb.com/title/tt5104604/,movie,7.8,101,2018,"Animation, Adventure, Comedy, Drama, Sci-Fi",189956,2018-02-15,Wes Anderson
tt5109280,6,2022-03-09,Raya and the Last Dragon,https://www.imdb.com/title/tt5109280/,movie,7.3,107,2021,"Animation, Action, Adventure, Comedy, Drama, Family, Fantasy",170681,2021-03-03,"Paul Briggs, Carlos López Estrada, Don Hall, John Ripa"
tt5168192,8,2020-08-17,"I, Daniel Blake",https://www.imdb.com/title/tt5168192/,movie,7.8,100,2016,Drama,64574,2016-05-13,Ken Loach
tt0519590,8,2020-03-09,Batman: The Animated Series: Heart of Ice,https://www.imdb.com/title/tt0519590/,tvEpisode,9.0,22,1992,"Animation, Action, Adventure, Crime, Family, Mystery, Sci-Fi",3966,1992-09-07,Bruce Timm
tt0052357,6,2024-02-23,Vertigo,https://www.imdb.com/title/tt0052357/,movie,8.3,128,1958,"Mystery, Romance, Thriller",425296,1958-05-09,Alfred Hitchcock
tt0052618,6,2024-02-23,Ben-Hur,https://www.imdb.com/title/tt0052618/,movie,8.1,212,1959,"Adventure, Drama",252472,1959-11-18,William Wyler
tt5311514,7,2020-08-17,Kimi no na wa.,https://www.imdb.com/title/tt5311514/,movie,8.4,106,2016,"Animation, Drama, Fantasy, Romance",316803,2016-07-03,Makoto Shinkai
tt0053285,7,2021-02-02,Sleeping Beauty,https://www.imdb.com/title/tt0053285/,movie,7.2,75,1959,"Animation, Adventure, Family, Fantasy, Musical, Romance",160234,1959-01-29,"Les Clark, Wolfgang Reitherman, Clyde Geronimi, Eric Larson, Hamilton Luske"
tt5362988,7,2022-03-28,Wind River,https://www.imdb.com/title/tt5362988/,movie,7.7,107,2017,"Crime, Drama, Mystery, Thriller, Western",279327,2017-01-21,Taylor Sheridan
tt5439796,5,2024-02-23,Logan Lucky,https://www.imdb.com/title/tt5439796/,movie,7.0,118,2017,"Action, Comedy, Crime, Drama",161639,2017-08-07,Steven Soderbergh
tt0055254,6,2020-08-17,One Hundred and One Dalmatians,https://www.imdb.com/title/tt0055254/,movie,7.3,79,1961,"Animation, Adventure, Comedy, Family",181443,1961-01-25,"Wolfgang Reitherman, Hamilton Luske, Clyde Geronimi"
tt5537002,5,2024-02-23,Killers of the Flower Moon,https://www.imdb.com/title/tt5537002/,movie,7.6,206,2023,"Crime, Drama, History, Mystery, Romance, Western",227477,2023-05-20,Martin Scorsese
tt0055614,6,2020-08-17,West Side Story,https://www.imdb.com/title/tt0055614/,movie,7.6,153,1961,"Crime, Drama, Musical, Romance",120794,1961-10-18,"Jerome Robbins, Robert Wise"
tt5580036,9,2021-03-09,"I, Tonya",https://www.imdb.com/title/tt5580036/,movie,7.5,119,2017,"Biography, Comedy, Drama, Sport",241571,2017-09-08,Craig Gillespie
tt5580390,7,2024-02-23,The Shape of Water,https://www.imdb.com/title/tt5580390/,movie,7.3,123,2017,"Drama, Fantasy, Romance",446207,2017-08-31,Guillermo del Toro
tt0055928,6,2021-08-08,Dr. No,https://www.imdb.com/title/tt0055928/,movie,7.2,110,1962,"Action, Adventure, Thriller",178826,1962-10-05,Terence Young
tt0056172,10,2020-08-17,Lawrence of Arabia,https://www.imdb.com/title/tt0056172/,movie,8.3,218,1962,"Adventure, Biography, Drama, War",312937,1962-12-10,David Lean
tt5649144,6,2024-02-02,The Florida Project,https://www.imdb.com/title/tt5649144/,movie,7.6,111,2017,Drama,127616,2017-05-22,Sean Baker
tt5687612,8,2020-08-17,Fleabag,https://www.imdb.com/title/tt5687612/,tvSeries,8.7,302,2016,"Comedy, Drama",198828,2016-07-21,
tt0057012,7,2020-08-17,Dr. Strangelove or: How I Learned to Stop Worrying and Love the Bomb,https://www.imdb.com/title/tt0057012/,movie,8.4,95,1964,"Comedy, War",516273,1964-01-29,Stanley Kubrick
tt5726616,7,2021-12-15,Call Me by Your Name,https://www.imdb.com/title/tt5726616/,movie,7.8,132,2017,"Drama, Romance",312705,2017-01-22,Luca Guadagnino
tt5727208,8,2024-02-02,Uncut Gems,https://www.imdb.com/title/tt5727208/,movie,7.4,135,2019,"Crime, Drama, Thriller",316357,2019-08-30,"Josh Safdie, Benny Safdie"
tt5742374,6,2024-02-02,You Were Never Really Here,https://www.imdb.com/title/tt5742374/,movie,6.7,89,2017,"Crime, Drama, Thriller",127263,2017-05-27,Lynne Ramsay
tt5776858,8,2023-05-22,Phantom Thread,https://www.imdb.com/title/tt5776858/,movie,7.4,130,2017,"Drama, Romance",144810,2017-12-11,Paul Thomas Anderson
tt0058150,6,2021-09-06,Goldfinger,https://www.imdb.com/title/tt0058150/,movie,7.7,110,1964,"Action, Adventure, Thriller",201900,1964-09-17,Guy Hamilton
tt5827916,8,2020-08-17,A Hidden Life,https://www.imdb.com/title/tt5827916/,movie,7.4,174,2019,"Biography, Drama, Romance, War",27930,2019-05-19,Terrence Malick
tt0058331,7,2022-03-28,Mary Poppins,https://www.imdb.com/title/tt0058331/,movie,7.8,139,1964,"Comedy, Family, Fantasy, Musical",185367,1964-08-27,Robert Stevenson
tt5834760,3,2020-08-26,Look Away,https://www.imdb.com/title/tt5834760/,movie,5.8,103,2018,"Drama, Fantasy, Horror, Thriller",22113,2018-10-08,Assaf Bernstein
tt0059113,7,2020-08-17,Doctor Zhivago,https://www.imdb.com/title/tt0059113/,movie,7.9,197,1965,"Drama, Romance, War",81807,1965-12-22,David Lean
tt0059742,8,2021-11-11,The Sound of Music,https://www.imdb.com/title/tt0059742/,movie,8.1,172,1965,"Biography, Drama, Family, Musical, Romance",259539,1965-03-02,Robert Wise
tt0060196,7,2024-02-23,"Il buono, il brutto, il cattivo",https://www.imdb.com/title/tt0060196/,movie,8.8,161,1966,"Adventure, Western",807844,1966-12-23,Sergio Leone
tt6053438,8,2020-08-17,First Reformed,https://www.imdb.com/title/tt6053438/,movie,7.1,113,2017,"Drama, Mystery, Thriller",62299,2017-08-31,Paul Schrader
tt6155172,8,2023-05-22,Roma,https://www.imdb.com/title/tt6155172/,movie,7.7,135,2018,Drama,169305,2018-08-30,Alfonso Cuarón
tt0061722,7,2024-01-25,The Graduate,https://www.imdb.com/title/tt0061722/,movie,8.0,106,1967,"Comedy, Drama, Romance",287643,1967-12-20,Mike Nichols
tt0061852,6,2020-08-17,The Jungle Book,https://www.imdb.com/title/tt0061852/,movie,7.6,78,1967,"Animation, Adventure, Comedy, Family, Musical",197831,1967-10-18,Wolfgang Reitherman
tt0062622,6,2024-02-23,2001: A Space Odyssey,https://www.imdb.com/title/tt0062622/,movie,8.3,149,1968,"Adventure, Sci-Fi",716432,1968-04-02,Stanley Kubrick
tt6266538,6,2022-03-28,Vice,https://www.imdb.com/title/tt6266538/,movie,7.2,132,2018,"Biography, Comedy, Drama, History",161757,2018-12-12,Adam McKay
tt6285944,5,2023-12-25,The Banker,https://www.imdb.com/title/tt6285944/,movie,7.3,120,2020,"Biography, Drama",35245,2020-03-06,George Nolfi
tt6320628,6,2020-08-17,Spider-Man: Far from Home,https://www.imdb.com/title/tt6320628/,movie,7.4,129,2019,"Action, Adventure, Comedy, Fantasy, Sci-Fi",552685,2019-06-26,Jon Watts
tt6334354,8,2021-08-12,The Suicide Squad,https://www.imdb.com/title/tt6334354/,movie,7.2,132,2021,"Action, Adventure, Comedy, Sci-Fi",406340,2021-07-28,James Gunn
tt6343314,7,2020-08-17,Creed II,https://www.imdb.com/title/tt6343314/,movie,7.1,130,2018,"Action, Drama, Sport",154762,2018-11-14,Steven Caple Jr.
tt0064115,6,2020-12-26,Butch Cassidy and the Sundance Kid,https://www.imdb.com/title/tt0064115/,movie,8.0,110,1969,"Biography, Crime, Drama, Western",226191,1969-09-23,George Roy Hill
tt0064116,7,2022-03-28,C'era una volta il West,https://www.imdb.com/title/tt0064116/,movie,8.5,166,1968,Western,348035,1968-12-20,Sergio Leone
tt6412452,6,2020-08-17,The Ballad of Buster Scruggs,https://www.imdb.com/title/tt6412452/,movie,7.2,133,2018,"Comedy, Drama, Musical, Mystery, Romance, Western",167269,2018-08-31,"Ethan Coen, Joel Coen"
tt6443346,5,2022-10-24,Black Adam,https://www.imdb.com/title/tt6443346/,movie,6.2,125,2022,"Action, Adventure, Fantasy, Sci-Fi",271993,2022-10-19,Jaume Collet-Serra
tt0064541,6,2024-02-23,Kes,https://www.imdb.com/title/tt0064541/,movie,7.9,111,1969,"Drama, Family",22822,1969-11-19,Ken Loach
tt6587046,5,2023-12-27,Kimitachi wa dô ikiru ka,https://www.imdb.com/title/tt6587046/,movie,7.6,124,2023,"Animation, Adventure, Drama, Family, Fantasy",47978,2023-07-14,Hayao Miyazaki
tt0066319,7,2020-08-17,Ryan's Daughter,https://www.imdb.com/title/tt0066319/,movie,7.4,200,1970,"Drama, Romance",10645,1970-11-09,David Lean
tt6710474,8,2024-02-02,Everything Everywhere All at Once,https://www.imdb.com/title/tt6710474/,movie,7.8,139,2022,"Action, Adventure, Comedy, Fantasy, Sci-Fi",526725,2022-03-11,"Daniel Kwan, Daniel Scheinert"
tt0067116,6,2022-03-09,The French Connection,https://www.imdb.com/title/tt0067116/,movie,7.7,104,1971,"Action, Crime, Drama, Thriller",134967,1971-10-07,William Friedkin
tt6718170,6,2023-04-11,The Super Mario Bros. Movie,https://www.imdb.com/title/tt6718170/,movie,7.0,92,2023,"Animation, Adventure, Comedy, Family, Fantasy",233387,2023-04-01,"Michael Jelenic, Pierre Leduc, Aaron Horvath, Fabien Polack"
tt6723592,8,2020-09-06,Tenet,https://www.imdb.com/title/tt6723592/,movie,7.3,150,2020,"Action, Sci-Fi, Thriller",588057,2020-08-22,Christopher Nolan
tt6751668,9,2020-08-17,Gisaengchung,https://www.imdb.com/title/tt6751668/,movie,8.5,132,2019,"Drama, Thriller",949042,2019-05-21,Bong Joon Ho
tt6791350,6,2023-05-18,Guardians of the Galaxy Vol. 3,https://www.imdb.com/title/tt6791350/,movie,7.9,150,2023,"Action, Adventure, Comedy, Sci-Fi",375829,2023-04-19,James Gunn
tt6806448,4,2024-02-23,Fast & Furious Presents: Hobbs & Shaw,https://www.imdb.com/title/tt6806448/,movie,6.5,137,2019,"Action, Adventure, Thriller",234773,2019-07-13,David Leitch
tt6820256,7,2020-08-17,Arctic,https://www.imdb.com/title/tt6820256/,movie,6.8,98,2018,"Adventure, Drama",58127,2018-05-10,Joe Penna
tt6857112,7,2020-08-17,Us,https://www.imdb.com/title/tt6857112/,movie,6.8,116,2019,"Horror, Mystery, Thriller",339043,2019-03-08,Jordan Peele
tt0068646,10,2020-12-31,The Godfather,https://www.imdb.com/title/tt0068646/,movie,9.2,175,1972,"Crime, Drama",2002010,1972-03-14,Francis Ford Coppola
tt6920356,5,2024-02-23,The Souvenir,https://www.imdb.com/title/tt6920356/,movie,6.4,120,2019,"Drama, Romance",14403,2019-01-27,Joanna Hogg
tt6938828,6,2022-03-28,At Eternity's Gate,https://www.imdb.com/title/tt6938828/,movie,6.9,111,2018,"Biography, Drama, History",39762,2018-09-03,Julian Schnabel
tt6966692,7,2024-01-27,Green Book,https://www.imdb.com/title/tt6966692/,movie,8.2,130,2018,"Biography, Comedy, Drama, Music",564604,2018-09-11,Peter Farrelly
tt0069704,8,2020-12-06,American Graffiti,https://www.imdb.com/title/tt0069704/,movie,7.4,110,1973,"Comedy, Drama",97711,1973-07-27,George Lucas
tt0069762,7,2020-08-17,Badlands,https://www.imdb.com/title/tt0069762/,movie,7.7,94,1973,"Action, Crime, Drama",78091,1973-10-13,Terrence Malick
tt7014006,7,2020-08-17,Eighth Grade,https://www.imdb.com/title/tt7014006/,movie,7.4,93,2018,"Comedy, Drama, Horror",82152,2018-01-19,Bo Burnham
tt0070735,6,2024-02-02,The Sting,https://www.imdb.com/title/tt0070735/,movie,8.3,129,1973,"Comedy, Crime, Drama",278778,1973-12-25,George Roy Hill
tt7125860,7,2020-08-17,If Beale Street Could Talk,https://www.imdb.com/title/tt7125860/,movie,7.1,119,2018,"Drama, Romance",52342,2018-09-09,Barry Jenkins
tt0071315,10,2022-03-28,Chinatown,https://www.imdb.com/title/tt0071315/,movie,8.1,130,1974,"Drama, Mystery, Thriller",348277,1974-06-19,Roman Polanski
tt7131622,8,2021-04-05,Once Upon a Time in... Hollywood,https://www.imdb.com/title/tt7131622/,movie,7.6,161,2019,"Comedy, Drama",841176,2019-05-21,Quentin Tarantino
tt0071360,6,2024-02-23,The Conversation,https://www.imdb.com/title/tt0071360/,movie,7.7,113,1974,"Drama, Mystery, Thriller",121140,1974-04-07,Francis Ford Coppola
tt7146812,7,2020-08-17,Onward,https://www.imdb.com/title/tt7146812/,movie,7.4,102,2020,"Animation, Adventure, Comedy, Drama, Family, Fantasy",168934,2020-02-21,Dan Scanlon
tt0071562,7,2020-12-31,The Godfather Part II,https://www.imdb.com/title/tt0071562/,movie,9.0,202,1974,"Crime, Drama",1358143,1974-12-12,Francis Ford Coppola
tt7286456,9,2024-02-25,Joker,https://www.imdb.com/title/tt7286456/,movie,8.4,122,2019,"Crime, Drama, Thriller",1473192,2019-08-31,Todd Phillips
tt7286916,9,2024-02-23,The Dawn Wall,https://www.imdb.com/title/tt7286916/,movie,8.1,100,2017,"Documentary, Biography, Sport",21174,2017-11-18,"Josh Lowell, Peter Mortimer"
tt0073099,8,2021-10-22,Yozhik v tumane,https://www.imdb.com/title/tt0073099/,short,8.1,11,1975,"Animation, Short, Drama",8029,1975-10-23,Yuri Norstein
tt0073195,9,2020-09-24,Jaws,https://www.imdb.com/title/tt0073195/,movie,8.1,124,1975,"Adventure, Mystery, Thriller",656595,1975-06-20,Steven Spielberg
tt0073486,5,2024-03-09,One Flew Over the Cuckoo's Nest,https://www.imdb.com/title/tt0073486/,movie,8.7,133,1975,Drama,1068415,1975-11-19,Milos Forman
tt7366338,9,2021-04-05,Chernobyl,https://www.imdb.com/title/tt7366338/,tvMiniSeries,9.3,330,2019,"Drama, History, Thriller",857538,2019-05-06,
tt0074119,8,2022-03-29,All the President's Men,https://www.imdb.com/title/tt0074119/,movie,7.9,138,1976,"Drama, History, Thriller",125542,1976-04-04,Alan J. Pakula
tt0075148,6,2020-11-28,Rocky,https://www.imdb.com/title/tt0075148/,movie,8.1,120,1976,"Drama, Sport",625767,1976-11-20,John G. Avildsen
tt0075314,8,2021-01-25,Taxi Driver,https://www.imdb.com/title/tt0075314/,movie,8.2,114,1976,"Crime, Drama",915800,1976-02-08,Martin Scorsese
tt0075860,7,2020-10-15,Close Encounters of the Third Kind,https://www.imdb.com/title/tt0075860/,movie,7.6,138,1977,"Drama, Sci-Fi",215990,1977-11-15,Steven Spielberg
tt0758758,6,2021-09-08,Into the Wild,https://www.imdb.com/title/tt0758758/,movie,8.1,148,2007,"Adventure, Biography, Drama",656042,2007-09-01,Sean Penn
tt7653254,9,2022-10-06,Marriage Story,https://www.imdb.com/title/tt7653254/,movie,7.9,137,2019,"Drama, Romance",344688,2019-08-29,Noah Baumbach
tt0076759,8,2020-09-06,Star Wars,https://www.imdb.com/title/tt0076759/,movie,8.6,121,1977,"Action, Adventure, Fantasy, Sci-Fi",1444105,1977-05-25,George Lucas
tt0770828,6,2020-08-17,Man of Steel,https://www.imdb.com/title/tt0770828/,movie,7.1,143,2013,"Action, Adventure, Sci-Fi",809756,2013-06-10,Zack Snyder
tt7713068,6,2020-09-09,Birds of Prey and the Fantabulous Emancipation of One Harley Quinn,https://www.imdb.com/title/tt7713068/,movie,6.1,109,2020,"Action, Comedy, Crime",263653,2020-01-25,Cathy Yan
tt7738450,6,2024-02-02,Thunder Road,https://www.imdb.com/title/tt7738450/,movie,7.0,92,2018,"Comedy, Drama",19430,2018-03-12,Jim Cummings
tt0077405,6,2020-08-17,Days of Heaven,https://www.imdb.com/title/tt0077405/,movie,7.7,94,1978,"Drama, Romance",62471,1978-09-13,Terrence Malick
tt7740510,4,2024-02-23,Antlers,https://www.imdb.com/title/tt7740510/,movie,5.9,99,2021,"Drama, Horror, Mystery",44202,2021-10-11,Scott Cooper
tt7775622,8,2020-07-06,Free Solo,https://www.imdb.com/title/tt7775622/,movie,8.1,100,2018,"Documentary, Adventure, Sport",76888,2018-08-31,"Jimmy Chin, Elizabeth Chai Vasarhelyi"
tt0780504,9,2020-08-17,Drive,https://www.imdb.com/title/tt0780504/,movie,7.8,100,2011,"Action, Drama",701563,2011-05-20,Nicolas Winding Refn
tt0780521,7,2020-08-17,The Princess and the Frog,https://www.imdb.com/title/tt0780521/,movie,7.1,97,2009,"Animation, Adventure, Comedy, Family, Fantasy, Musical, Romance",165640,2009-11-15,"Ron Clements, John Musker"
tt0780536,6,2024-02-02,In Bruges,https://www.imdb.com/title/tt0780536/,movie,7.9,107,2008,"Comedy, Crime, Drama, Thriller",460055,2008-01-17,Martin McDonagh
tt0783233,6,2023-11-26,Atonement,https://www.imdb.com/title/tt0783233/,movie,7.8,123,2007,"Drama, Mystery, Romance, War",298723,2007-08-28,Joe Wright
tt0078788,8,2021-01-18,Apocalypse Now,https://www.imdb.com/title/tt0078788/,movie,8.4,147,1979,"Drama, Mystery, War",707063,1979-05-19,Francis Ford Coppola
tt7905466,7,2024-02-02,They Shall Not Grow Old,https://www.imdb.com/title/tt7905466/,movie,8.2,99,2018,"Documentary, History, War",38343,2018-10-16,Peter Jackson
tt0790636,7,2024-02-23,Dallas Buyers Club,https://www.imdb.com/title/tt0790636/,movie,7.9,117,2013,"Biography, Drama",517543,2013-09-07,Jean-Marc Vallée
tt7984734,8,2020-08-17,The Lighthouse,https://www.imdb.com/title/tt7984734/,movie,7.4,109,2019,"Drama, Fantasy, Horror, Mystery, Thriller",252884,2019-05-19,Robert Eggers
tt0800080,6,2020-08-17,The Incredible Hulk,https://www.imdb.com/title/tt0800080/,movie,6.6,112,2008,"Action, Adventure, Sci-Fi",521760,2008-06-06,Louis Leterrier
tt0800369,4,2024-02-23,Thor,https://www.imdb.com/title/tt0800369/,movie,7.0,115,2011,"Action, Fantasy",897273,2011-04-17,Kenneth Branagh
tt0080339,7,2022-03-28,Airplane!,https://www.imdb.com/title/tt0080339/,movie,7.7,88,1980,Comedy,259746,1980-07-02,"Jim Abrahams, Jerry Zucker, David Zucker"
tt0080455,8,2021-01-25,The Blues Brothers,https://www.imdb.com/title/tt0080455/,movie,7.9,133,1980,"Action, Adventure, Comedy, Crime, Music, Musical",213645,1980-06-20,John Landis
tt0080684,9,2020-09-09,Star Wars: Episode V - The Empire Strikes Back,https://www.imdb.com/title/tt0080684/,movie,8.7,124,1980,"Action, Adventure, Fantasy, Sci-Fi",1373973,1980-05-17,Irvin Kershner
tt8075192,7,2022-03-28,Manbiki kazoku,https://www.imdb.com/title/tt8075192/,movie,7.9,121,2018,"Crime, Drama, Thriller",85893,2018-05-13,Kore-eda Hirokazu
tt8079248,7,2021-11-16,Yesterday,https://www.imdb.com/title/tt8079248/,movie,6.8,116,2019,"Comedy, Fantasy, Music, Romance",166712,2019-05-04,Danny Boyle
tt8097030,7,2022-03-24,Turning Red,https://www.imdb.com/title/tt8097030/,movie,7.0,100,2022,"Animation, Adventure, Comedy, Drama, Family, Fantasy",151115,2022-03-01,Domee Shi
tt8111088,8,2020-12-23,The Mandalorian,https://www.imdb.com/title/tt8111088/,tvSeries,8.7,40,2019,"Action, Adventure, Fantasy, Sci-Fi",583138,2019-11-12,
tt8115900,7,2022-12-26,The Bad Guys,https://www.imdb.com/title/tt8115900/,movie,6.8,100,2022,"Animation, Adventure, Comedy, Crime, Family, Mystery, Sci-Fi",57796,2022-03-16,Pierre Perifel
tt0081398,6,2021-01-23,Raging Bull,https://www.imdb.com/title/tt0081398/,movie,8.1,129,1980,"Biography, Drama, Sport",378721,1980-11-13,Martin Scorsese
tt0081505,7,2022-10-09,The Shining,https://www.imdb.com/title/tt0081505/,movie,8.4,146,1980,"Drama, Horror",1101335,1980-05-23,Stanley Kubrick
tt0816692,8,2022-03-26,Interstellar,https://www.imdb.com/title/tt0816692/,movie,8.7,169,2014,"Adventure, Drama, Sci-Fi",2081727,2014-10-26,Christopher Nolan
tt8228288,5,2024-02-23,El hoyo,https://www.imdb.com/title/tt8228288/,movie,7.0,94,2019,"Horror, Sci-Fi, Thriller",269638,2019-09-06,Galder Gaztelu-Urrutia
tt8291806,8,2023-05-22,Dolor y gloria,https://www.imdb.com/title/tt8291806/,movie,7.5,113,2019,Drama,62871,2019-03-13,Pedro Almodóvar
tt0829482,7,2022-03-28,Superbad,https://www.imdb.com/title/tt0829482/,movie,7.6,113,2007,Comedy,629299,2007-08-17,Greg Mottola
tt0082971,8,2023-05-22,Raiders of the Lost Ark,https://www.imdb.com/title/tt0082971/,movie,8.4,115,1981,"Action, Adventure",1033633,1981-06-12,Steven Spielberg
tt8359816,8,2020-08-17,Sorry We Missed You,https://www.imdb.com/title/tt8359816/,movie,7.6,101,2019,Drama,25673,2019-05-16,Ken Loach
tt0083658,8,2024-02-02,Blade Runner,https://www.imdb.com/title/tt0083658/,movie,8.1,117,1982,"Action, Drama, Sci-Fi, Thriller",819909,1982-06-25,Ridley Scott
tt8367814,5,2022-06-28,The Gentlemen,https://www.imdb.com/title/tt8367814/,movie,7.8,113,2019,"Action, Crime",391278,2019-12-03,Guy Ritchie
tt8404614,8,2020-08-17,The Two Popes,https://www.imdb.com/title/tt8404614/,movie,7.6,125,2019,"Biography, Comedy, Drama",132547,2019-08-31,Fernando Meirelles
tt0848228,7,2020-08-17,The Avengers,https://www.imdb.com/title/tt0848228/,movie,8.0,143,2012,"Action, Sci-Fi",1455298,2012-04-11,Joss Whedon
tt8579674,9,2020-08-17,1917,https://www.imdb.com/title/tt8579674/,movie,8.2,119,2019,"Action, Drama, War",670234,2019-12-04,Sam Mendes
tt8613070,6,2024-02-23,Portrait de la jeune fille en feu,https://www.imdb.com/title/tt8613070/,movie,8.1,122,2019,"Drama, Romance",108553,2019-05-19,Céline Sciamma
tt0086190,7,2022-03-28,Star Wars: Episode VI - Return of the Jedi,https://www.imdb.com/title/tt0086190/,movie,8.3,131,1983,"Action, Adventure, Fantasy, Sci-Fi",1117056,1983-05-23,Richard Marquand
tt8637428,7,2020-08-17,The Farewell,https://www.imdb.com/title/tt8637428/,movie,7.5,100,2019,"Comedy, Drama",70790,2019-01-25,Lulu Wang
tt0086879,6,2024-03-09,Amadeus,https://www.imdb.com/title/tt0086879/,movie,8.4,160,1984,"Biography, Drama, Music",425986,1984-09-06,Milos Forman
tt8721424,7,2024-02-02,"tick, tick...BOOM!",https://www.imdb.com/title/tt8721424/,movie,7.5,115,2021,"Biography, Comedy, Drama, Musical",119096,2021-11-10,Lin-Manuel Miranda
tt0087469,7,2021-05-09,Indiana Jones and the Temple of Doom,https://www.imdb.com/title/tt0087469/,movie,7.5,118,1984,"Action, Adventure",533657,1984-05-08,Steven Spielberg
tt0087538,7,2023-06-01,The Karate Kid,https://www.imdb.com/title/tt0087538/,movie,7.3,126,1984,"Action, Drama, Family, Sport",243466,1984-06-22,John G. Avildsen
tt0087544,8,2020-08-17,Kaze no Tani no Nausicaä,https://www.imdb.com/title/tt0087544/,movie,8.0,117,1984,"Animation, Adventure, Sci-Fi",181678,1984-03-11,Hayao Miyazaki
tt0876563,6,2020-08-17,Gake no ue no Ponyo,https://www.imdb.com/title/tt0876563/,movie,7.6,101,2008,"Animation, Adventure, Comedy, Family, Fantasy",162251,2008-07-19,Hayao Miyazaki
tt0878804,7,2021-06-08,The Blind Side,https://www.imdb.com/title/tt0878804/,movie,7.6,129,2009,"Biography, Drama, Sport",359255,2009-11-17,John Lee Hancock
tt0088128,5,2024-02-23,Sixteen Candles,https://www.imdb.com/title/tt0088128/,movie,7.0,93,1984,"Comedy, Romance",125738,1984-05-04,John Hughes
tt0088247,6,2020-08-17,The Terminator,https://www.imdb.com/title/tt0088247/,movie,8.1,107,1984,"Action, Adventure, Sci-Fi",920272,1984-10-26,James Cameron
tt0088763,8,2021-10-31,Back to the Future,https://www.imdb.com/title/tt0088763/,movie,8.5,116,1985,"Adventure, Comedy, Sci-Fi",1300537,1985-07-03,Robert Zemeckis
tt0887912,7,2020-08-17,The Hurt Locker,https://www.imdb.com/title/tt0887912/,movie,7.5,131,2008,"Drama, Thriller, War",472533,2008-09-04,Kathryn Bigelow
tt0088847,8,2024-02-23,The Breakfast Club,https://www.imdb.com/title/tt0088847/,movie,7.8,97,1985,"Comedy, Drama",434478,1985-02-07,John Hughes
tt8902948,5,2024-02-23,Tigertail,https://www.imdb.com/title/tt8902948/,movie,6.6,91,2020,Drama,3836,2020-04-10,Alan Yang
tt8946378,8,2020-08-17,Knives Out,https://www.imdb.com/title/tt8946378/,movie,7.9,130,2019,"Comedy, Crime, Drama, Mystery, Thriller",769566,2019-09-07,Rian Johnson
tt9032400,4,2024-02-23,Eternals,https://www.imdb.com/title/tt9032400/,movie,6.3,156,2021,"Action, Adventure, Fantasy, Sci-Fi",383903,2021-10-18,Chloé Zhao
tt0903624,7,2020-08-17,The Hobbit: An Unexpected Journey,https://www.imdb.com/title/tt0903624/,movie,7.8,169,2012,"Adventure, Fantasy",870056,2012-11-28,Peter Jackson
tt9059760,10,2024-03-22,Normal People,https://www.imdb.com/title/tt9059760/,tvMiniSeries,8.4,339,2020,"Drama, Romance",89496,2020-04-26,
tt0907657,7,2022-03-28,Once,https://www.imdb.com/title/tt0907657/,movie,7.8,86,2007,"Drama, Music, Romance",121069,2007-01-20,John Carney
tt0091042,7,2024-02-02,Ferris Bueller's Day Off,https://www.imdb.com/title/tt0091042/,movie,7.8,103,1986,Comedy,384941,1986-06-07,John Hughes
tt0910970,8,2020-08-17,WALL·E,https://www.imdb.com/title/tt0910970/,movie,8.4,98,2008,"Animation, Adventure, Family, Sci-Fi",1195055,2008-06-21,Andrew Stanton
tt9114286,6,2022-11-19,Black Panther: Wakanda Forever,https://www.imdb.com/title/tt9114286/,movie,6.7,161,2022,"Action, Adventure, Drama, Sci-Fi",302805,2022-11-09,Ryan Coogler
tt0091251,7,2022-06-25,Idi i smotri,https://www.imdb.com/title/tt0091251/,movie,8.4,142,1985,"Drama, Thriller, War",96023,1985-07-09,Elem Klimov
tt0091763,8,2020-08-17,Platoon,https://www.imdb.com/title/tt0091763/,movie,8.1,120,1986,"Drama, War",437815,1986-12-19,Oliver Stone
tt9185206,6,2023-06-11,"Are You There God? It's Me, Margaret.",https://www.imdb.com/title/tt9185206/,movie,7.3,106,2023,"Comedy, Drama, Family",26201,2023-04-23,Kelly Fremon Craig
tt0092005,7,2024-02-02,Stand by Me,https://www.imdb.com/title/tt0092005/,movie,8.1,89,1986,"Adventure, Comedy, Drama",439479,1986-08-06,Rob Reiner
tt0092067,5,2024-02-23,Tenkuu no Shiro Laputa,https://www.imdb.com/title/tt0092067/,movie,8.0,125,1986,"Animation, Adventure, Family, Fantasy",181391,1986-08-02,Hayao Miyazaki
tt0926084,9,2021-01-04,Harry Potter and the Deathly Hallows - Part 1,https://www.imdb.com/title/tt0926084/,movie,7.7,146,2010,"Adventure, Family, Fantasy, Mystery",596426,2010-11-11,David Yates
tt0092843,5,2024-02-23,The Dead,https://www.imdb.com/title/tt0092843/,movie,7.2,83,1987,Drama,8845,1987-09-03,John Huston
tt0093058,9,2020-08-17,Full Metal Jacket,https://www.imdb.com/title/tt0093058/,movie,8.3,116,1987,"Drama, War",787498,1987-06-17,Stanley Kubrick
tt9362722,10,2024-03-08,Spider-Man: Across the Spider-Verse,https://www.imdb.com/title/tt9362722/,movie,8.6,140,2023,"Animation, Action, Adventure, Fantasy, Sci-Fi",359633,2023-05-31,"Justin K. Thompson, Kemp Powers, Joaquim Dos Santos"
tt0093748,7,2020-08-17,"Planes, Trains & Automobiles",https://www.imdb.com/title/tt0093748/,movie,7.6,93,1987,"Comedy, Drama",159628,1987-11-25,John Hughes
tt9376612,6,2024-02-23,Shang-Chi and the Legend of the Ten Rings,https://www.imdb.com/title/tt9376612/,movie,7.4,132,2021,"Action, Adventure, Fantasy, Sci-Fi",432960,2021-08-16,Destin Daniel Cretton
tt9412098,8,2023-12-05,Fyre,https://www.imdb.com/title/tt9412098/,movie,7.2,97,2019,"Documentary, Crime, Music",51843,2019-01-18,Chris Smith
tt9419884,5,2023-05-09,Doctor Strange in the Multiverse of Madness,https://www.imdb.com/title/tt9419884/,movie,6.9,126,2022,"Action, Adventure, Fantasy, Horror, Sci-Fi",474416,2022-05-02,Sam Raimi
tt0094625,5,2024-02-23,Akira,https://www.imdb.com/title/tt0094625/,movie,8.0,124,1988,"Animation, Action, Drama, Fantasy, Sci-Fi, Thriller",204112,1988-07-16,Katsuhiro Ôtomo
tt0947798,8,2020-08-17,Black Swan,https://www.imdb.com/title/tt0947798/,movie,8.0,108,2010,"Drama, Thriller",821271,2010-09-01,Darren Aronofsky
tt0948470,7,2020-08-17,The Amazing Spider-Man,https://www.imdb.com/title/tt0948470/,movie,6.9,136,2012,"Action, Adventure, Sci-Fi",699454,2012-06-13,Marc Webb
tt0095327,9,2020-08-17,Hotaru no haka,https://www.imdb.com/title/tt0095327/,movie,8.5,89,1988,"Animation, Drama, War",308231,1988-04-16,Isao Takahata
tt9603212,6,2024-02-02,Mission: Impossible - Dead Reckoning Part One,https://www.imdb.com/title/tt9603212/,movie,7.7,163,2023,"Action, Adventure, Thriller",241217,2023-06-19,Christopher McQuarrie
tt9620288,6,2021-12-25,King Richard,https://www.imdb.com/title/tt9620288/,movie,7.5,144,2021,"Biography, Drama, Sport",134930,2021-09-02,Reinaldo Marcus Green
tt0096283,8,2020-12-06,Tonari no Totoro,https://www.imdb.com/title/tt0096283/,movie,8.1,86,1988,"Animation, Comedy, Family, Fantasy",377642,1988-04-16,Hayao Miyazaki
tt0096895,6,2022-03-28,Batman,https://www.imdb.com/title/tt0096895/,movie,7.5,126,1989,"Action, Adventure",402724,1989-06-19,Tim Burton
tt0097165,7,2024-02-23,Dead Poets Society,https://www.imdb.com/title/tt0097165/,movie,8.1,128,1989,"Comedy, Drama",542138,1989-06-02,Peter Weir
tt0974015,4,2020-08-17,Justice League,https://www.imdb.com/title/tt0974015/,movie,6.1,120,2017,"Action, Adventure, Fantasy, Sci-Fi",477415,2017-10-26,Zack Snyder
tt0097576,7,2021-06-05,Indiana Jones and the Last Crusade,https://www.imdb.com/title/tt0097576/,movie,8.2,127,1989,"Action, Adventure",808317,1989-05-24,Steven Spielberg
tt0097757,7,2020-08-17,The Little Mermaid,https://www.imdb.com/title/tt0097757/,movie,7.6,83,1989,"Animation, Adventure, Family, Fantasy, Musical, Romance",289824,1989-11-13,"Ron Clements, John Musker"
tt0097814,7,2024-02-02,Majo no takkyûbin,https://www.imdb.com/title/tt0097814/,movie,7.8,103,1989,"Animation, Family, Fantasy",164205,1989-07-29,Hayao Miyazaki
tt0097937,5,2024-02-23,My Left Foot: The Story of Christy Brown,https://www.imdb.com/title/tt0097937/,movie,7.8,103,1989,"Biography, Drama",79480,1989-02-24,Jim Sheridan
tt0980970,4,2020-08-17,The Chronicles of Narnia: The Voyage of the Dawn Treader,https://www.imdb.com/title/tt0980970/,movie,6.3,113,2010,"Adventure, Family, Fantasy",165824,2010-12-02,Michael Apted
tt0983193,6,2020-08-17,The Adventures of Tintin,https://www.imdb.com/title/tt0983193/,movie,7.3,107,2011,"Animation, Action, Adventure, Family, Mystery",242583,2011-10-23,Steven Spielberg
tt0986233,7,2020-12-06,Hunger,https://www.imdb.com/title/tt0986233/,movie,7.5,96,2008,"Biography, Crime, Drama, Thriller",73407,2008-05-15,Steve McQueen
tt0098635,8,2023-11-13,When Harry Met Sally...,https://www.imdb.com/title/tt0098635/,movie,7.7,95,1989,"Comedy, Drama, Romance",241298,1989-07-12,Rob Reiner
tt0993846,8,2021-02-20,The Wolf of Wall Street,https://www.imdb.com/title/tt0993846/,movie,8.2,180,2013,"Biography, Comedy, Crime, Drama",1572350,2013-12-09,Martin Scorsese
tt0099674,6,2021-01-03,The Godfather Part III,https://www.imdb.com/title/tt0099674/,movie,7.6,162,1990,"Crime, Drama",422569,1990-12-20,Francis Ford Coppola
tt0099685,7,2020-08-17,Goodfellas,https://www.imdb.com/title/tt0099685/,movie,8.7,145,1990,"Biography, Crime, Drama",1251291,1990-09-09,Martin Scorsese
tt0099785,7,2020-08-17,Home Alone,https://www.imdb.com/title/tt0099785/,movie,7.7,103,1990,"Comedy, Family",650796,1990-11-10,Chris Columbus
